path,status,owner
/mnt/CORDEX_CMIP6_tmp/sim_data/CORDEX-CMIP6/DD/EUR-12/TASK-IMWM/CMCC-CM2-SR5/historical/r1i1p1f1/WRF451Q/v1-r1/1hr/tas/v20240806/tas_EUR-12f_CMCC-CM2-SR5_historical_r1i1p1f1_TASK-IMWM_WRF451Q_v1-r1_1hr_198001010000-198012312300.nc,inconsistent attributes in DRS: ['domain_id_2'],ajaczewski
/mnt/CORDEX_CMIP6_tmp/sim_data/CORDEX-CMIP6/DD/EUR-12/TASK-IMWM/CMCC-CM2-SR5/historical/r1i1p1f1/WRF451Q/v1-r1/1hr/tas/v20240806/tas_EUR-12f_CMCC-CM2-SR5_historical_r1i1p1f1_TASK-IMWM_WRF451Q_v1-r1_1hr_197401010000-197412312300.nc,inconsistent attributes in DRS: ['domain_id_2'],ajaczewski
/mnt/CORDEX_CMIP6_tmp/sim_data/CORDEX-CMIP6/DD/EUR-12/TASK-IMWM/CMCC-CM2-SR5/historical/r1i1p1f1/WRF451Q/v1-r1/1hr/tas/v20240806/tas_EUR-12f_CMCC-CM2-SR5_historical_r1i1p1f1_TASK-IMWM_WRF451Q_v1-r1_1hr_199301010000-199312312300.nc,inconsistent attributes in DRS: ['domain_id_2'],ajaczewski
/mnt/CORDEX_CMIP6_tmp/sim_data/CORDEX-CMIP6/DD/EUR-12/TASK-IMWM/CMCC-CM2-SR5/historical/r1i1p1f1/WRF451Q/v1-r1/1hr/tas/v20240806/tas_EUR-12f_CMCC-CM2-SR5_historical_r1i1p1f1_TASK-IMWM_WRF451Q_v1-r1_1hr_200001010000-200012312300.nc,inconsistent attributes in DRS: ['domain_id_2'],ajaczewski
/mnt/CORDEX_CMIP6_tmp/sim_data/CORDEX-CMIP6/DD/EUR-12/TASK-IMWM/CMCC-CM2-SR5/historical/r1i1p1f1/WRF451Q/v1-r1/1hr/tas/v20240806/tas_EUR-12f_CMCC-CM2-SR5_historical_r1i1p1f1_TASK-IMWM_WRF451Q_v1-r1_1hr_195801010000-195812312300.nc,inconsistent attributes in DRS: ['domain_id_2'],ajaczewski
/mnt/CORDEX_CMIP6_tmp/sim_data/CORDEX-CMIP6/DD/EUR-12/TASK-IMWM/CMCC-CM2-SR5/historical/r1i1p1f1/WRF451Q/v1-r1/1hr/tas/v20240806/tas_EUR-12f_CMCC-CM2-SR5_historical_r1i1p1f1_TASK-IMWM_WRF451Q_v1-r1_1hr_196501010000-196512312300.nc,inconsistent attributes in DRS: ['domain_id_2'],ajaczewski
/mnt/CORDEX_CMIP6_tmp/sim_data/CORDEX-CMIP6/DD/EUR-12/TASK-IMWM/CMCC-CM2-SR5/historical/r1i1p1f1/WRF451Q/v1-r1/1hr/tas/v20240806/tas_EUR-12f_CMCC-CM2-SR5_historical_r1i1p1f1_TASK-IMWM_WRF451Q_v1-r1_1hr_195201010000-195212312300.nc,inconsistent attributes in DRS: ['domain_id_2'],ajaczewski
/mnt/CORDEX_CMIP6_tmp/sim_data/CORDEX-CMIP6/DD/EUR-12/TASK-IMWM/CMCC-CM2-SR5/historical/r1i1p1f1/WRF451Q/v1-r1/1hr/tas/v20240806/tas_EUR-12f_CMCC-CM2-SR5_historical_r1i1p1f1_TASK-IMWM_WRF451Q_v1-r1_1hr_198101010000-198112312300.nc,inconsistent attributes in DRS: ['domain_id_2'],ajaczewski
/mnt/CORDEX_CMIP6_tmp/sim_data/CORDEX-CMIP6/DD/EUR-12/TASK-IMWM/CMCC-CM2-SR5/historical/r1i1p1f1/WRF451Q/v1-r1/1hr/tas/v20240806/tas_EUR-12f_CMCC-CM2-SR5_historical_r1i1p1f1_TASK-IMWM_WRF451Q_v1-r1_1hr_199801010000-199812312300.nc,inconsistent attributes in DRS: ['domain_id_2'],ajaczewski
/mnt/CORDEX_CMIP6_tmp/sim_data/CORDEX-CMIP6/DD/EUR-12/TASK-IMWM/CMCC-CM2-SR5/historical/r1i1p1f1/WRF451Q/v1-r1/1hr/tas/v20240806/tas_EUR-12f_CMCC-CM2-SR5_historical_r1i1p1f1_TASK-IMWM_WRF451Q_v1-r1_1hr_196901010000-196912312300.nc,inconsistent attributes in DRS: ['domain_id_2'],ajaczewski
/mnt/CORDEX_CMIP6_tmp/sim_data/CORDEX-CMIP6/DD/EUR-12/TASK-IMWM/CMCC-CM2-SR5/historical/r1i1p1f1/WRF451Q/v1-r1/1hr/tas/v20240806/tas_EUR-12f_CMCC-CM2-SR5_historical_r1i1p1f1_TASK-IMWM_WRF451Q_v1-r1_1hr_197301010000-197312312300.nc,inconsistent attributes in DRS: ['domain_id_2'],ajaczewski
/mnt/CORDEX_CMIP6_tmp/sim_data/CORDEX-CMIP6/DD/EUR-12/TASK-IMWM/CMCC-CM2-SR5/historical/r1i1p1f1/WRF451Q/v1-r1/1hr/tas/v20240806/tas_EUR-12f_CMCC-CM2-SR5_historical_r1i1p1f1_TASK-IMWM_WRF451Q_v1-r1_1hr_200301010000-200312312300.nc,inconsistent attributes in DRS: ['domain_id_2'],ajaczewski
/mnt/CORDEX_CMIP6_tmp/sim_data/CORDEX-CMIP6/DD/EUR-12/TASK-IMWM/CMCC-CM2-SR5/historical/r1i1p1f1/WRF451Q/v1-r1/1hr/tas/v20240806/tas_EUR-12f_CMCC-CM2-SR5_historical_r1i1p1f1_TASK-IMWM_WRF451Q_v1-r1_1hr_196601010000-196612312300.nc,inconsistent attributes in DRS: ['domain_id_2'],ajaczewski
/mnt/CORDEX_CMIP6_tmp/sim_data/CORDEX-CMIP6/DD/EUR-12/TASK-IMWM/CMCC-CM2-SR5/historical/r1i1p1f1/WRF451Q/v1-r1/1hr/tas/v20240806/tas_EUR-12f_CMCC-CM2-SR5_historical_r1i1p1f1_TASK-IMWM_WRF451Q_v1-r1_1hr_199501010000-199512312300.nc,inconsistent attributes in DRS: ['domain_id_2'],ajaczewski
/mnt/CORDEX_CMIP6_tmp/sim_data/CORDEX-CMIP6/DD/EUR-12/TASK-IMWM/CMCC-CM2-SR5/historical/r1i1p1f1/WRF451Q/v1-r1/1hr/tas/v20240806/tas_EUR-12f_CMCC-CM2-SR5_historical_r1i1p1f1_TASK-IMWM_WRF451Q_v1-r1_1hr_197901010000-197912312300.nc,inconsistent attributes in DRS: ['domain_id_2'],ajaczewski
/mnt/CORDEX_CMIP6_tmp/sim_data/CORDEX-CMIP6/DD/EUR-12/TASK-IMWM/CMCC-CM2-SR5/historical/r1i1p1f1/WRF451Q/v1-r1/1hr/tas/v20240806/tas_EUR-12f_CMCC-CM2-SR5_historical_r1i1p1f1_TASK-IMWM_WRF451Q_v1-r1_1hr_201301010000-201312312300.nc,inconsistent attributes in DRS: ['domain_id_2'],ajaczewski
/mnt/CORDEX_CMIP6_tmp/sim_data/CORDEX-CMIP6/DD/EUR-12/TASK-IMWM/CMCC-CM2-SR5/historical/r1i1p1f1/WRF451Q/v1-r1/1hr/tas/v20240806/tas_EUR-12f_CMCC-CM2-SR5_historical_r1i1p1f1_TASK-IMWM_WRF451Q_v1-r1_1hr_198701010000-198712312300.nc,inconsistent attributes in DRS: ['domain_id_2'],ajaczewski
/mnt/CORDEX_CMIP6_tmp/sim_data/CORDEX-CMIP6/DD/EUR-12/TASK-IMWM/CMCC-CM2-SR5/historical/r1i1p1f1/WRF451Q/v1-r1/1hr/tas/v20240806/tas_EUR-12f_CMCC-CM2-SR5_historical_r1i1p1f1_TASK-IMWM_WRF451Q_v1-r1_1hr_199901010000-199912312300.nc,inconsistent attributes in DRS: ['domain_id_2'],ajaczewski
/mnt/CORDEX_CMIP6_tmp/sim_data/CORDEX-CMIP6/DD/EUR-12/TASK-IMWM/CMCC-CM2-SR5/historical/r1i1p1f1/WRF451Q/v1-r1/1hr/tas/v20240806/tas_EUR-12f_CMCC-CM2-SR5_historical_r1i1p1f1_TASK-IMWM_WRF451Q_v1-r1_1hr_196101010000-196112312300.nc,inconsistent attributes in DRS: ['domain_id_2'],ajaczewski
/mnt/CORDEX_CMIP6_tmp/sim_data/CORDEX-CMIP6/DD/EUR-12/TASK-IMWM/CMCC-CM2-SR5/historical/r1i1p1f1/WRF451Q/v1-r1/1hr/tas/v20240806/tas_EUR-12f_CMCC-CM2-SR5_historical_r1i1p1f1_TASK-IMWM_WRF451Q_v1-r1_1hr_195101010000-195112312300.nc,inconsistent attributes in DRS: ['domain_id_2'],ajaczewski
/mnt/CORDEX_CMIP6_tmp/sim_data/CORDEX-CMIP6/DD/EUR-12/TASK-IMWM/CMCC-CM2-SR5/historical/r1i1p1f1/WRF451Q/v1-r1/1hr/tas/v20240806/tas_EUR-12f_CMCC-CM2-SR5_historical_r1i1p1f1_TASK-IMWM_WRF451Q_v1-r1_1hr_198601010000-198612312300.nc,inconsistent attributes in DRS: ['domain_id_2'],ajaczewski
/mnt/CORDEX_CMIP6_tmp/sim_data/CORDEX-CMIP6/DD/EUR-12/TASK-IMWM/CMCC-CM2-SR5/historical/r1i1p1f1/WRF451Q/v1-r1/1hr/tas/v20240806/tas_EUR-12f_CMCC-CM2-SR5_historical_r1i1p1f1_TASK-IMWM_WRF451Q_v1-r1_1hr_199401010000-199412312300.nc,inconsistent attributes in DRS: ['domain_id_2'],ajaczewski
/mnt/CORDEX_CMIP6_tmp/sim_data/CORDEX-CMIP6/DD/EUR-12/TASK-IMWM/CMCC-CM2-SR5/historical/r1i1p1f1/WRF451Q/v1-r1/1hr/tas/v20240806/tas_EUR-12f_CMCC-CM2-SR5_historical_r1i1p1f1_TASK-IMWM_WRF451Q_v1-r1_1hr_200901010000-200912312300.nc,inconsistent attributes in DRS: ['domain_id_2'],ajaczewski
/mnt/CORDEX_CMIP6_tmp/sim_data/CORDEX-CMIP6/DD/EUR-12/TASK-IMWM/CMCC-CM2-SR5/historical/r1i1p1f1/WRF451Q/v1-r1/1hr/tas/v20240806/tas_EUR-12f_CMCC-CM2-SR5_historical_r1i1p1f1_TASK-IMWM_WRF451Q_v1-r1_1hr_195301010000-195312312300.nc,inconsistent attributes in DRS: ['domain_id_2'],ajaczewski
/mnt/CORDEX_CMIP6_tmp/sim_data/CORDEX-CMIP6/DD/EUR-12/TASK-IMWM/CMCC-CM2-SR5/historical/r1i1p1f1/WRF451Q/v1-r1/1hr/tas/v20240806/tas_EUR-12f_CMCC-CM2-SR5_historical_r1i1p1f1_TASK-IMWM_WRF451Q_v1-r1_1hr_201101010000-201112312300.nc,inconsistent attributes in DRS: ['domain_id_2'],ajaczewski
/mnt/CORDEX_CMIP6_tmp/sim_data/CORDEX-CMIP6/DD/EUR-12/TASK-IMWM/CMCC-CM2-SR5/historical/r1i1p1f1/WRF451Q/v1-r1/1hr/tas/v20240806/tas_EUR-12f_CMCC-CM2-SR5_historical_r1i1p1f1_TASK-IMWM_WRF451Q_v1-r1_1hr_201201010000-201212312300.nc,inconsistent attributes in DRS: ['domain_id_2'],ajaczewski
/mnt/CORDEX_CMIP6_tmp/sim_data/CORDEX-CMIP6/DD/EUR-12/TASK-IMWM/CMCC-CM2-SR5/historical/r1i1p1f1/WRF451Q/v1-r1/1hr/tas/v20240806/tas_EUR-12f_CMCC-CM2-SR5_historical_r1i1p1f1_TASK-IMWM_WRF451Q_v1-r1_1hr_198901010000-198912312300.nc,inconsistent attributes in DRS: ['domain_id_2'],ajaczewski
/mnt/CORDEX_CMIP6_tmp/sim_data/CORDEX-CMIP6/DD/EUR-12/TASK-IMWM/CMCC-CM2-SR5/historical/r1i1p1f1/WRF451Q/v1-r1/1hr/tas/v20240806/tas_EUR-12f_CMCC-CM2-SR5_historical_r1i1p1f1_TASK-IMWM_WRF451Q_v1-r1_1hr_201401010000-201412312300.nc,inconsistent attributes in DRS: ['domain_id_2'],ajaczewski
/mnt/CORDEX_CMIP6_tmp/sim_data/CORDEX-CMIP6/DD/EUR-12/TASK-IMWM/CMCC-CM2-SR5/historical/r1i1p1f1/WRF451Q/v1-r1/1hr/tas/v20240806/tas_EUR-12f_CMCC-CM2-SR5_historical_r1i1p1f1_TASK-IMWM_WRF451Q_v1-r1_1hr_200801010000-200812312300.nc,inconsistent attributes in DRS: ['domain_id_2'],ajaczewski
/mnt/CORDEX_CMIP6_tmp/sim_data/CORDEX-CMIP6/DD/EUR-12/TASK-IMWM/CMCC-CM2-SR5/historical/r1i1p1f1/WRF451Q/v1-r1/1hr/tas/v20240806/tas_EUR-12f_CMCC-CM2-SR5_historical_r1i1p1f1_TASK-IMWM_WRF451Q_v1-r1_1hr_198801010000-198812312300.nc,inconsistent attributes in DRS: ['domain_id_2'],ajaczewski
/mnt/CORDEX_CMIP6_tmp/sim_data/CORDEX-CMIP6/DD/EUR-12/TASK-IMWM/CMCC-CM2-SR5/historical/r1i1p1f1/WRF451Q/v1-r1/1hr/tas/v20240806/tas_EUR-12f_CMCC-CM2-SR5_historical_r1i1p1f1_TASK-IMWM_WRF451Q_v1-r1_1hr_198501010000-198512312300.nc,inconsistent attributes in DRS: ['domain_id_2'],ajaczewski
/mnt/CORDEX_CMIP6_tmp/sim_data/CORDEX-CMIP6/DD/EUR-12/TASK-IMWM/CMCC-CM2-SR5/historical/r1i1p1f1/WRF451Q/v1-r1/1hr/tas/v20240806/tas_EUR-12f_CMCC-CM2-SR5_historical_r1i1p1f1_TASK-IMWM_WRF451Q_v1-r1_1hr_196201010000-196212312300.nc,inconsistent attributes in DRS: ['domain_id_2'],ajaczewski
/mnt/CORDEX_CMIP6_tmp/sim_data/CORDEX-CMIP6/DD/EUR-12/TASK-IMWM/CMCC-CM2-SR5/historical/r1i1p1f1/WRF451Q/v1-r1/1hr/tas/v20240806/tas_EUR-12f_CMCC-CM2-SR5_historical_r1i1p1f1_TASK-IMWM_WRF451Q_v1-r1_1hr_198301010000-198312312300.nc,inconsistent attributes in DRS: ['domain_id_2'],ajaczewski
/mnt/CORDEX_CMIP6_tmp/sim_data/CORDEX-CMIP6/DD/EUR-12/TASK-IMWM/CMCC-CM2-SR5/historical/r1i1p1f1/WRF451Q/v1-r1/1hr/tas/v20240806/tas_EUR-12f_CMCC-CM2-SR5_historical_r1i1p1f1_TASK-IMWM_WRF451Q_v1-r1_1hr_197801010000-197812312300.nc,inconsistent attributes in DRS: ['domain_id_2'],ajaczewski
/mnt/CORDEX_CMIP6_tmp/sim_data/CORDEX-CMIP6/DD/EUR-12/TASK-IMWM/CMCC-CM2-SR5/historical/r1i1p1f1/WRF451Q/v1-r1/1hr/tas/v20240806/tas_EUR-12f_CMCC-CM2-SR5_historical_r1i1p1f1_TASK-IMWM_WRF451Q_v1-r1_1hr_200101010000-200112312300.nc,inconsistent attributes in DRS: ['domain_id_2'],ajaczewski
/mnt/CORDEX_CMIP6_tmp/sim_data/CORDEX-CMIP6/DD/EUR-12/TASK-IMWM/CMCC-CM2-SR5/historical/r1i1p1f1/WRF451Q/v1-r1/1hr/tas/v20240806/tas_EUR-12f_CMCC-CM2-SR5_historical_r1i1p1f1_TASK-IMWM_WRF451Q_v1-r1_1hr_197201010000-197212312300.nc,inconsistent attributes in DRS: ['domain_id_2'],ajaczewski
/mnt/CORDEX_CMIP6_tmp/sim_data/CORDEX-CMIP6/DD/EUR-12/TASK-IMWM/CMCC-CM2-SR5/historical/r1i1p1f1/WRF451Q/v1-r1/1hr/tas/v20240806/tas_EUR-12f_CMCC-CM2-SR5_historical_r1i1p1f1_TASK-IMWM_WRF451Q_v1-r1_1hr_196001010000-196012312300.nc,inconsistent attributes in DRS: ['domain_id_2'],ajaczewski
/mnt/CORDEX_CMIP6_tmp/sim_data/CORDEX-CMIP6/DD/EUR-12/TASK-IMWM/CMCC-CM2-SR5/historical/r1i1p1f1/WRF451Q/v1-r1/1hr/tas/v20240806/tas_EUR-12f_CMCC-CM2-SR5_historical_r1i1p1f1_TASK-IMWM_WRF451Q_v1-r1_1hr_199201010000-199212312300.nc,inconsistent attributes in DRS: ['domain_id_2'],ajaczewski
/mnt/CORDEX_CMIP6_tmp/sim_data/CORDEX-CMIP6/DD/EUR-12/TASK-IMWM/CMCC-CM2-SR5/historical/r1i1p1f1/WRF451Q/v1-r1/1hr/tas/v20240806/tas_EUR-12f_CMCC-CM2-SR5_historical_r1i1p1f1_TASK-IMWM_WRF451Q_v1-r1_1hr_197501010000-197512312300.nc,inconsistent attributes in DRS: ['domain_id_2'],ajaczewski
/mnt/CORDEX_CMIP6_tmp/sim_data/CORDEX-CMIP6/DD/EUR-12/TASK-IMWM/CMCC-CM2-SR5/historical/r1i1p1f1/WRF451Q/v1-r1/1hr/tas/v20240806/tas_EUR-12f_CMCC-CM2-SR5_historical_r1i1p1f1_TASK-IMWM_WRF451Q_v1-r1_1hr_196701010000-196712312300.nc,inconsistent attributes in DRS: ['domain_id_2'],ajaczewski
/mnt/CORDEX_CMIP6_tmp/sim_data/CORDEX-CMIP6/DD/EUR-12/TASK-IMWM/CMCC-CM2-SR5/historical/r1i1p1f1/WRF451Q/v1-r1/1hr/tas/v20240806/tas_EUR-12f_CMCC-CM2-SR5_historical_r1i1p1f1_TASK-IMWM_WRF451Q_v1-r1_1hr_197101010000-197112312300.nc,inconsistent attributes in DRS: ['domain_id_2'],ajaczewski
/mnt/CORDEX_CMIP6_tmp/sim_data/CORDEX-CMIP6/DD/EUR-12/TASK-IMWM/CMCC-CM2-SR5/historical/r1i1p1f1/WRF451Q/v1-r1/1hr/tas/v20240806/tas_EUR-12f_CMCC-CM2-SR5_historical_r1i1p1f1_TASK-IMWM_WRF451Q_v1-r1_1hr_195701010000-195712312300.nc,inconsistent attributes in DRS: ['domain_id_2'],ajaczewski
/mnt/CORDEX_CMIP6_tmp/sim_data/CORDEX-CMIP6/DD/EUR-12/TASK-IMWM/CMCC-CM2-SR5/historical/r1i1p1f1/WRF451Q/v1-r1/1hr/tas/v20240806/tas_EUR-12f_CMCC-CM2-SR5_historical_r1i1p1f1_TASK-IMWM_WRF451Q_v1-r1_1hr_200601010000-200612312300.nc,inconsistent attributes in DRS: ['domain_id_2'],ajaczewski
/mnt/CORDEX_CMIP6_tmp/sim_data/CORDEX-CMIP6/DD/EUR-12/TASK-IMWM/CMCC-CM2-SR5/historical/r1i1p1f1/WRF451Q/v1-r1/1hr/tas/v20240806/tas_EUR-12f_CMCC-CM2-SR5_historical_r1i1p1f1_TASK-IMWM_WRF451Q_v1-r1_1hr_199701010000-199712312300.nc,inconsistent attributes in DRS: ['domain_id_2'],ajaczewski
/mnt/CORDEX_CMIP6_tmp/sim_data/CORDEX-CMIP6/DD/EUR-12/TASK-IMWM/CMCC-CM2-SR5/historical/r1i1p1f1/WRF451Q/v1-r1/1hr/tas/v20240806/tas_EUR-12f_CMCC-CM2-SR5_historical_r1i1p1f1_TASK-IMWM_WRF451Q_v1-r1_1hr_198401010000-198412312300.nc,inconsistent attributes in DRS: ['domain_id_2'],ajaczewski
/mnt/CORDEX_CMIP6_tmp/sim_data/CORDEX-CMIP6/DD/EUR-12/TASK-IMWM/CMCC-CM2-SR5/historical/r1i1p1f1/WRF451Q/v1-r1/1hr/tas/v20240806/tas_EUR-12f_CMCC-CM2-SR5_historical_r1i1p1f1_TASK-IMWM_WRF451Q_v1-r1_1hr_199001010000-199012312300.nc,inconsistent attributes in DRS: ['domain_id_2'],ajaczewski
/mnt/CORDEX_CMIP6_tmp/sim_data/CORDEX-CMIP6/DD/EUR-12/TASK-IMWM/CMCC-CM2-SR5/historical/r1i1p1f1/WRF451Q/v1-r1/1hr/tas/v20240806/tas_EUR-12f_CMCC-CM2-SR5_historical_r1i1p1f1_TASK-IMWM_WRF451Q_v1-r1_1hr_196301010000-196312312300.nc,inconsistent attributes in DRS: ['domain_id_2'],ajaczewski
/mnt/CORDEX_CMIP6_tmp/sim_data/CORDEX-CMIP6/DD/EUR-12/TASK-IMWM/CMCC-CM2-SR5/historical/r1i1p1f1/WRF451Q/v1-r1/1hr/tas/v20240806/tas_EUR-12f_CMCC-CM2-SR5_historical_r1i1p1f1_TASK-IMWM_WRF451Q_v1-r1_1hr_195601010000-195612312300.nc,inconsistent attributes in DRS: ['domain_id_2'],ajaczewski
/mnt/CORDEX_CMIP6_tmp/sim_data/CORDEX-CMIP6/DD/EUR-12/TASK-IMWM/CMCC-CM2-SR5/historical/r1i1p1f1/WRF451Q/v1-r1/1hr/tas/v20240806/tas_EUR-12f_CMCC-CM2-SR5_historical_r1i1p1f1_TASK-IMWM_WRF451Q_v1-r1_1hr_197601010000-197612312300.nc,inconsistent attributes in DRS: ['domain_id_2'],ajaczewski
/mnt/CORDEX_CMIP6_tmp/sim_data/CORDEX-CMIP6/DD/EUR-12/TASK-IMWM/CMCC-CM2-SR5/historical/r1i1p1f1/WRF451Q/v1-r1/1hr/tas/v20240806/tas_EUR-12f_CMCC-CM2-SR5_historical_r1i1p1f1_TASK-IMWM_WRF451Q_v1-r1_1hr_200401010000-200412312300.nc,inconsistent attributes in DRS: ['domain_id_2'],ajaczewski
/mnt/CORDEX_CMIP6_tmp/sim_data/CORDEX-CMIP6/DD/EUR-12/TASK-IMWM/CMCC-CM2-SR5/historical/r1i1p1f1/WRF451Q/v1-r1/1hr/tas/v20240806/tas_EUR-12f_CMCC-CM2-SR5_historical_r1i1p1f1_TASK-IMWM_WRF451Q_v1-r1_1hr_199601010000-199612312300.nc,inconsistent attributes in DRS: ['domain_id_2'],ajaczewski
/mnt/CORDEX_CMIP6_tmp/sim_data/CORDEX-CMIP6/DD/EUR-12/TASK-IMWM/CMCC-CM2-SR5/historical/r1i1p1f1/WRF451Q/v1-r1/1hr/tas/v20240806/tas_EUR-12f_CMCC-CM2-SR5_historical_r1i1p1f1_TASK-IMWM_WRF451Q_v1-r1_1hr_197001010000-197012312300.nc,inconsistent attributes in DRS: ['domain_id_2'],ajaczewski
/mnt/CORDEX_CMIP6_tmp/sim_data/CORDEX-CMIP6/DD/EUR-12/TASK-IMWM/CMCC-CM2-SR5/historical/r1i1p1f1/WRF451Q/v1-r1/1hr/tas/v20240806/tas_EUR-12f_CMCC-CM2-SR5_historical_r1i1p1f1_TASK-IMWM_WRF451Q_v1-r1_1hr_200201010000-200212312300.nc,inconsistent attributes in DRS: ['domain_id_2'],ajaczewski
/mnt/CORDEX_CMIP6_tmp/sim_data/CORDEX-CMIP6/DD/EUR-12/TASK-IMWM/CMCC-CM2-SR5/historical/r1i1p1f1/WRF451Q/v1-r1/1hr/tas/v20240806/tas_EUR-12f_CMCC-CM2-SR5_historical_r1i1p1f1_TASK-IMWM_WRF451Q_v1-r1_1hr_195401010000-195412312300.nc,inconsistent attributes in DRS: ['domain_id_2'],ajaczewski
/mnt/CORDEX_CMIP6_tmp/sim_data/CORDEX-CMIP6/DD/EUR-12/TASK-IMWM/CMCC-CM2-SR5/historical/r1i1p1f1/WRF451Q/v1-r1/1hr/tas/v20240806/tas_EUR-12f_CMCC-CM2-SR5_historical_r1i1p1f1_TASK-IMWM_WRF451Q_v1-r1_1hr_201001010000-201012312300.nc,inconsistent attributes in DRS: ['domain_id_2'],ajaczewski
/mnt/CORDEX_CMIP6_tmp/sim_data/CORDEX-CMIP6/DD/EUR-12/TASK-IMWM/CMCC-CM2-SR5/historical/r1i1p1f1/WRF451Q/v1-r1/1hr/tas/v20240806/tas_EUR-12f_CMCC-CM2-SR5_historical_r1i1p1f1_TASK-IMWM_WRF451Q_v1-r1_1hr_196401010000-196412312300.nc,inconsistent attributes in DRS: ['domain_id_2'],ajaczewski
/mnt/CORDEX_CMIP6_tmp/sim_data/CORDEX-CMIP6/DD/EUR-12/TASK-IMWM/CMCC-CM2-SR5/historical/r1i1p1f1/WRF451Q/v1-r1/1hr/tas/v20240806/tas_EUR-12f_CMCC-CM2-SR5_historical_r1i1p1f1_TASK-IMWM_WRF451Q_v1-r1_1hr_198201010000-198212312300.nc,inconsistent attributes in DRS: ['domain_id_2'],ajaczewski
/mnt/CORDEX_CMIP6_tmp/sim_data/CORDEX-CMIP6/DD/EUR-12/TASK-IMWM/CMCC-CM2-SR5/historical/r1i1p1f1/WRF451Q/v1-r1/1hr/tas/v20240806/tas_EUR-12f_CMCC-CM2-SR5_historical_r1i1p1f1_TASK-IMWM_WRF451Q_v1-r1_1hr_199101010000-199112312300.nc,inconsistent attributes in DRS: ['domain_id_2'],ajaczewski
/mnt/CORDEX_CMIP6_tmp/sim_data/CORDEX-CMIP6/DD/EUR-12/TASK-IMWM/CMCC-CM2-SR5/historical/r1i1p1f1/WRF451Q/v1-r1/1hr/tas/v20240806/tas_EUR-12f_CMCC-CM2-SR5_historical_r1i1p1f1_TASK-IMWM_WRF451Q_v1-r1_1hr_195501010000-195512312300.nc,inconsistent attributes in DRS: ['domain_id_2'],ajaczewski
/mnt/CORDEX_CMIP6_tmp/sim_data/CORDEX-CMIP6/DD/EUR-12/TASK-IMWM/CMCC-CM2-SR5/historical/r1i1p1f1/WRF451Q/v1-r1/1hr/tas/v20240806/tas_EUR-12f_CMCC-CM2-SR5_historical_r1i1p1f1_TASK-IMWM_WRF451Q_v1-r1_1hr_196801010000-196812312300.nc,inconsistent attributes in DRS: ['domain_id_2'],ajaczewski
/mnt/CORDEX_CMIP6_tmp/sim_data/CORDEX-CMIP6/DD/EUR-12/TASK-IMWM/CMCC-CM2-SR5/historical/r1i1p1f1/WRF451Q/v1-r1/1hr/tas/v20240806/tas_EUR-12f_CMCC-CM2-SR5_historical_r1i1p1f1_TASK-IMWM_WRF451Q_v1-r1_1hr_197701010000-197712312300.nc,inconsistent attributes in DRS: ['domain_id_2'],ajaczewski
/mnt/CORDEX_CMIP6_tmp/sim_data/CORDEX-CMIP6/DD/EUR-12/TASK-IMWM/CMCC-CM2-SR5/historical/r1i1p1f1/WRF451Q/v1-r1/1hr/tas/v20240806/tas_EUR-12f_CMCC-CM2-SR5_historical_r1i1p1f1_TASK-IMWM_WRF451Q_v1-r1_1hr_195901010000-195912312300.nc,inconsistent attributes in DRS: ['domain_id_2'],ajaczewski
/mnt/CORDEX_CMIP6_tmp/sim_data/CORDEX-CMIP6/DD/EUR-12/TASK-IMWM/CMCC-CM2-SR5/historical/r1i1p1f1/WRF451Q/v1-r1/1hr/tas/v20240806/tas_EUR-12f_CMCC-CM2-SR5_historical_r1i1p1f1_TASK-IMWM_WRF451Q_v1-r1_1hr_200501010000-200512312300.nc,inconsistent attributes in DRS: ['domain_id_2'],ajaczewski
/mnt/CORDEX_CMIP6_tmp/sim_data/CORDEX-CMIP6/DD/EUR-12/TASK-IMWM/CMCC-CM2-SR5/historical/r1i1p1f1/WRF451Q/v1-r1/1hr/tas/v20240806/tas_EUR-12f_CMCC-CM2-SR5_historical_r1i1p1f1_TASK-IMWM_WRF451Q_v1-r1_1hr_200701010000-200712312300.nc,inconsistent attributes in DRS: ['domain_id_2'],ajaczewski
/mnt/CORDEX_CMIP6_tmp/sim_data/CORDEX-CMIP6/DD/EUR-12/TASK-IMWM/CMCC-CM2-SR5/historical/r1i1p1f1/WRF451Q/v1-r1/1hr/pr/v20240806/pr_EUR-12f_CMCC-CM2-SR5_historical_r1i1p1f1_TASK-IMWM_WRF451Q_v1-r1_1hr_196301010030-196312312330.nc,inconsistent attributes in DRS: ['domain_id_2'],ajaczewski
/mnt/CORDEX_CMIP6_tmp/sim_data/CORDEX-CMIP6/DD/EUR-12/TASK-IMWM/CMCC-CM2-SR5/historical/r1i1p1f1/WRF451Q/v1-r1/1hr/pr/v20240806/pr_EUR-12f_CMCC-CM2-SR5_historical_r1i1p1f1_TASK-IMWM_WRF451Q_v1-r1_1hr_195901010030-195912312330.nc,inconsistent attributes in DRS: ['domain_id_2'],ajaczewski
/mnt/CORDEX_CMIP6_tmp/sim_data/CORDEX-CMIP6/DD/EUR-12/TASK-IMWM/CMCC-CM2-SR5/historical/r1i1p1f1/WRF451Q/v1-r1/1hr/pr/v20240806/pr_EUR-12f_CMCC-CM2-SR5_historical_r1i1p1f1_TASK-IMWM_WRF451Q_v1-r1_1hr_197001010030-197012312330.nc,inconsistent attributes in DRS: ['domain_id_2'],ajaczewski
/mnt/CORDEX_CMIP6_tmp/sim_data/CORDEX-CMIP6/DD/EUR-12/TASK-IMWM/CMCC-CM2-SR5/historical/r1i1p1f1/WRF451Q/v1-r1/1hr/pr/v20240806/pr_EUR-12f_CMCC-CM2-SR5_historical_r1i1p1f1_TASK-IMWM_WRF451Q_v1-r1_1hr_197201010030-197212312330.nc,inconsistent attributes in DRS: ['domain_id_2'],ajaczewski
/mnt/CORDEX_CMIP6_tmp/sim_data/CORDEX-CMIP6/DD/EUR-12/TASK-IMWM/CMCC-CM2-SR5/historical/r1i1p1f1/WRF451Q/v1-r1/1hr/pr/v20240806/pr_EUR-12f_CMCC-CM2-SR5_historical_r1i1p1f1_TASK-IMWM_WRF451Q_v1-r1_1hr_199401010030-199412312330.nc,inconsistent attributes in DRS: ['domain_id_2'],ajaczewski
/mnt/CORDEX_CMIP6_tmp/sim_data/CORDEX-CMIP6/DD/EUR-12/TASK-IMWM/CMCC-CM2-SR5/historical/r1i1p1f1/WRF451Q/v1-r1/1hr/pr/v20240806/pr_EUR-12f_CMCC-CM2-SR5_historical_r1i1p1f1_TASK-IMWM_WRF451Q_v1-r1_1hr_198301010030-198312312330.nc,inconsistent attributes in DRS: ['domain_id_2'],ajaczewski
/mnt/CORDEX_CMIP6_tmp/sim_data/CORDEX-CMIP6/DD/EUR-12/TASK-IMWM/CMCC-CM2-SR5/historical/r1i1p1f1/WRF451Q/v1-r1/1hr/pr/v20240806/pr_EUR-12f_CMCC-CM2-SR5_historical_r1i1p1f1_TASK-IMWM_WRF451Q_v1-r1_1hr_195801010030-195812312330.nc,inconsistent attributes in DRS: ['domain_id_2'],ajaczewski
/mnt/CORDEX_CMIP6_tmp/sim_data/CORDEX-CMIP6/DD/EUR-12/TASK-IMWM/CMCC-CM2-SR5/historical/r1i1p1f1/WRF451Q/v1-r1/1hr/pr/v20240806/pr_EUR-12f_CMCC-CM2-SR5_historical_r1i1p1f1_TASK-IMWM_WRF451Q_v1-r1_1hr_198901010030-198912312330.nc,inconsistent attributes in DRS: ['domain_id_2'],ajaczewski
/mnt/CORDEX_CMIP6_tmp/sim_data/CORDEX-CMIP6/DD/EUR-12/TASK-IMWM/CMCC-CM2-SR5/historical/r1i1p1f1/WRF451Q/v1-r1/1hr/pr/v20240806/pr_EUR-12f_CMCC-CM2-SR5_historical_r1i1p1f1_TASK-IMWM_WRF451Q_v1-r1_1hr_196201010030-196212312330.nc,inconsistent attributes in DRS: ['domain_id_2'],ajaczewski
/mnt/CORDEX_CMIP6_tmp/sim_data/CORDEX-CMIP6/DD/EUR-12/TASK-IMWM/CMCC-CM2-SR5/historical/r1i1p1f1/WRF451Q/v1-r1/1hr/pr/v20240806/pr_EUR-12f_CMCC-CM2-SR5_historical_r1i1p1f1_TASK-IMWM_WRF451Q_v1-r1_1hr_196401010030-196412312330.nc,inconsistent attributes in DRS: ['domain_id_2'],ajaczewski
/mnt/CORDEX_CMIP6_tmp/sim_data/CORDEX-CMIP6/DD/EUR-12/TASK-IMWM/CMCC-CM2-SR5/historical/r1i1p1f1/WRF451Q/v1-r1/1hr/pr/v20240806/pr_EUR-12f_CMCC-CM2-SR5_historical_r1i1p1f1_TASK-IMWM_WRF451Q_v1-r1_1hr_196101010030-196112312330.nc,inconsistent attributes in DRS: ['domain_id_2'],ajaczewski
/mnt/CORDEX_CMIP6_tmp/sim_data/CORDEX-CMIP6/DD/EUR-12/TASK-IMWM/CMCC-CM2-SR5/historical/r1i1p1f1/WRF451Q/v1-r1/1hr/pr/v20240806/pr_EUR-12f_CMCC-CM2-SR5_historical_r1i1p1f1_TASK-IMWM_WRF451Q_v1-r1_1hr_198801010030-198812312330.nc,inconsistent attributes in DRS: ['domain_id_2'],ajaczewski
/mnt/CORDEX_CMIP6_tmp/sim_data/CORDEX-CMIP6/DD/EUR-12/TASK-IMWM/CMCC-CM2-SR5/historical/r1i1p1f1/WRF451Q/v1-r1/1hr/pr/v20240806/pr_EUR-12f_CMCC-CM2-SR5_historical_r1i1p1f1_TASK-IMWM_WRF451Q_v1-r1_1hr_195301010030-195312312330.nc,inconsistent attributes in DRS: ['domain_id_2'],ajaczewski
/mnt/CORDEX_CMIP6_tmp/sim_data/CORDEX-CMIP6/DD/EUR-12/TASK-IMWM/CMCC-CM2-SR5/historical/r1i1p1f1/WRF451Q/v1-r1/1hr/pr/v20240806/pr_EUR-12f_CMCC-CM2-SR5_historical_r1i1p1f1_TASK-IMWM_WRF451Q_v1-r1_1hr_200901010030-200912312330.nc,inconsistent attributes in DRS: ['domain_id_2'],ajaczewski
/mnt/CORDEX_CMIP6_tmp/sim_data/CORDEX-CMIP6/DD/EUR-12/TASK-IMWM/CMCC-CM2-SR5/historical/r1i1p1f1/WRF451Q/v1-r1/1hr/pr/v20240806/pr_EUR-12f_CMCC-CM2-SR5_historical_r1i1p1f1_TASK-IMWM_WRF451Q_v1-r1_1hr_200701010030-200712312330.nc,inconsistent attributes in DRS: ['domain_id_2'],ajaczewski
/mnt/CORDEX_CMIP6_tmp/sim_data/CORDEX-CMIP6/DD/EUR-12/TASK-IMWM/CMCC-CM2-SR5/historical/r1i1p1f1/WRF451Q/v1-r1/1hr/pr/v20240806/pr_EUR-12f_CMCC-CM2-SR5_historical_r1i1p1f1_TASK-IMWM_WRF451Q_v1-r1_1hr_200801010030-200812312330.nc,inconsistent attributes in DRS: ['domain_id_2'],ajaczewski
/mnt/CORDEX_CMIP6_tmp/sim_data/CORDEX-CMIP6/DD/EUR-12/TASK-IMWM/CMCC-CM2-SR5/historical/r1i1p1f1/WRF451Q/v1-r1/1hr/pr/v20240806/pr_EUR-12f_CMCC-CM2-SR5_historical_r1i1p1f1_TASK-IMWM_WRF451Q_v1-r1_1hr_196501010030-196512312330.nc,inconsistent attributes in DRS: ['domain_id_2'],ajaczewski
/mnt/CORDEX_CMIP6_tmp/sim_data/CORDEX-CMIP6/DD/EUR-12/TASK-IMWM/CMCC-CM2-SR5/historical/r1i1p1f1/WRF451Q/v1-r1/1hr/pr/v20240806/pr_EUR-12f_CMCC-CM2-SR5_historical_r1i1p1f1_TASK-IMWM_WRF451Q_v1-r1_1hr_201001010030-201012312330.nc,inconsistent attributes in DRS: ['domain_id_2'],ajaczewski
/mnt/CORDEX_CMIP6_tmp/sim_data/CORDEX-CMIP6/DD/EUR-12/TASK-IMWM/CMCC-CM2-SR5/historical/r1i1p1f1/WRF451Q/v1-r1/1hr/pr/v20240806/pr_EUR-12f_CMCC-CM2-SR5_historical_r1i1p1f1_TASK-IMWM_WRF451Q_v1-r1_1hr_197901010030-197912312330.nc,inconsistent attributes in DRS: ['domain_id_2'],ajaczewski
/mnt/CORDEX_CMIP6_tmp/sim_data/CORDEX-CMIP6/DD/EUR-12/TASK-IMWM/CMCC-CM2-SR5/historical/r1i1p1f1/WRF451Q/v1-r1/1hr/pr/v20240806/pr_EUR-12f_CMCC-CM2-SR5_historical_r1i1p1f1_TASK-IMWM_WRF451Q_v1-r1_1hr_196801010030-196812312330.nc,inconsistent attributes in DRS: ['domain_id_2'],ajaczewski
/mnt/CORDEX_CMIP6_tmp/sim_data/CORDEX-CMIP6/DD/EUR-12/TASK-IMWM/CMCC-CM2-SR5/historical/r1i1p1f1/WRF451Q/v1-r1/1hr/pr/v20240806/pr_EUR-12f_CMCC-CM2-SR5_historical_r1i1p1f1_TASK-IMWM_WRF451Q_v1-r1_1hr_196601010030-196612312330.nc,inconsistent attributes in DRS: ['domain_id_2'],ajaczewski
/mnt/CORDEX_CMIP6_tmp/sim_data/CORDEX-CMIP6/DD/EUR-12/TASK-IMWM/CMCC-CM2-SR5/historical/r1i1p1f1/WRF451Q/v1-r1/1hr/pr/v20240806/pr_EUR-12f_CMCC-CM2-SR5_historical_r1i1p1f1_TASK-IMWM_WRF451Q_v1-r1_1hr_199001010030-199012312330.nc,inconsistent attributes in DRS: ['domain_id_2'],ajaczewski
/mnt/CORDEX_CMIP6_tmp/sim_data/CORDEX-CMIP6/DD/EUR-12/TASK-IMWM/CMCC-CM2-SR5/historical/r1i1p1f1/WRF451Q/v1-r1/1hr/pr/v20240806/pr_EUR-12f_CMCC-CM2-SR5_historical_r1i1p1f1_TASK-IMWM_WRF451Q_v1-r1_1hr_201101010030-201112312330.nc,inconsistent attributes in DRS: ['domain_id_2'],ajaczewski
/mnt/CORDEX_CMIP6_tmp/sim_data/CORDEX-CMIP6/DD/EUR-12/TASK-IMWM/CMCC-CM2-SR5/historical/r1i1p1f1/WRF451Q/v1-r1/1hr/pr/v20240806/pr_EUR-12f_CMCC-CM2-SR5_historical_r1i1p1f1_TASK-IMWM_WRF451Q_v1-r1_1hr_195201010030-195212312330.nc,inconsistent attributes in DRS: ['domain_id_2'],ajaczewski
/mnt/CORDEX_CMIP6_tmp/sim_data/CORDEX-CMIP6/DD/EUR-12/TASK-IMWM/CMCC-CM2-SR5/historical/r1i1p1f1/WRF451Q/v1-r1/1hr/pr/v20240806/pr_EUR-12f_CMCC-CM2-SR5_historical_r1i1p1f1_TASK-IMWM_WRF451Q_v1-r1_1hr_200001010030-200012312330.nc,inconsistent attributes in DRS: ['domain_id_2'],ajaczewski
/mnt/CORDEX_CMIP6_tmp/sim_data/CORDEX-CMIP6/DD/EUR-12/TASK-IMWM/CMCC-CM2-SR5/historical/r1i1p1f1/WRF451Q/v1-r1/1hr/pr/v20240806/pr_EUR-12f_CMCC-CM2-SR5_historical_r1i1p1f1_TASK-IMWM_WRF451Q_v1-r1_1hr_196001010030-196012312330.nc,inconsistent attributes in DRS: ['domain_id_2'],ajaczewski
/mnt/CORDEX_CMIP6_tmp/sim_data/CORDEX-CMIP6/DD/EUR-12/TASK-IMWM/CMCC-CM2-SR5/historical/r1i1p1f1/WRF451Q/v1-r1/1hr/pr/v20240806/pr_EUR-12f_CMCC-CM2-SR5_historical_r1i1p1f1_TASK-IMWM_WRF451Q_v1-r1_1hr_198101010030-198112312330.nc,inconsistent attributes in DRS: ['domain_id_2'],ajaczewski
/mnt/CORDEX_CMIP6_tmp/sim_data/CORDEX-CMIP6/DD/EUR-12/TASK-IMWM/CMCC-CM2-SR5/historical/r1i1p1f1/WRF451Q/v1-r1/1hr/pr/v20240806/pr_EUR-12f_CMCC-CM2-SR5_historical_r1i1p1f1_TASK-IMWM_WRF451Q_v1-r1_1hr_201301010030-201312312330.nc,inconsistent attributes in DRS: ['domain_id_2'],ajaczewski
/mnt/CORDEX_CMIP6_tmp/sim_data/CORDEX-CMIP6/DD/EUR-12/TASK-IMWM/CMCC-CM2-SR5/historical/r1i1p1f1/WRF451Q/v1-r1/1hr/pr/v20240806/pr_EUR-12f_CMCC-CM2-SR5_historical_r1i1p1f1_TASK-IMWM_WRF451Q_v1-r1_1hr_197101010030-197112312330.nc,inconsistent attributes in DRS: ['domain_id_2'],ajaczewski
/mnt/CORDEX_CMIP6_tmp/sim_data/CORDEX-CMIP6/DD/EUR-12/TASK-IMWM/CMCC-CM2-SR5/historical/r1i1p1f1/WRF451Q/v1-r1/1hr/pr/v20240806/pr_EUR-12f_CMCC-CM2-SR5_historical_r1i1p1f1_TASK-IMWM_WRF451Q_v1-r1_1hr_195401010030-195412312330.nc,inconsistent attributes in DRS: ['domain_id_2'],ajaczewski
/mnt/CORDEX_CMIP6_tmp/sim_data/CORDEX-CMIP6/DD/EUR-12/TASK-IMWM/CMCC-CM2-SR5/historical/r1i1p1f1/WRF451Q/v1-r1/1hr/pr/v20240806/pr_EUR-12f_CMCC-CM2-SR5_historical_r1i1p1f1_TASK-IMWM_WRF451Q_v1-r1_1hr_196901010030-196912312330.nc,inconsistent attributes in DRS: ['domain_id_2'],ajaczewski
/mnt/CORDEX_CMIP6_tmp/sim_data/CORDEX-CMIP6/DD/EUR-12/TASK-IMWM/CMCC-CM2-SR5/historical/r1i1p1f1/WRF451Q/v1-r1/1hr/pr/v20240806/pr_EUR-12f_CMCC-CM2-SR5_historical_r1i1p1f1_TASK-IMWM_WRF451Q_v1-r1_1hr_201201010030-201212312330.nc,inconsistent attributes in DRS: ['domain_id_2'],ajaczewski
/mnt/CORDEX_CMIP6_tmp/sim_data/CORDEX-CMIP6/DD/EUR-12/TASK-IMWM/CMCC-CM2-SR5/historical/r1i1p1f1/WRF451Q/v1-r1/1hr/pr/v20240806/pr_EUR-12f_CMCC-CM2-SR5_historical_r1i1p1f1_TASK-IMWM_WRF451Q_v1-r1_1hr_199601010030-199612312330.nc,inconsistent attributes in DRS: ['domain_id_2'],ajaczewski
/mnt/CORDEX_CMIP6_tmp/sim_data/CORDEX-CMIP6/DD/EUR-12/TASK-IMWM/CMCC-CM2-SR5/historical/r1i1p1f1/WRF451Q/v1-r1/1hr/pr/v20240806/pr_EUR-12f_CMCC-CM2-SR5_historical_r1i1p1f1_TASK-IMWM_WRF451Q_v1-r1_1hr_198001010030-198012312330.nc,inconsistent attributes in DRS: ['domain_id_2'],ajaczewski
/mnt/CORDEX_CMIP6_tmp/sim_data/CORDEX-CMIP6/DD/EUR-12/TASK-IMWM/CMCC-CM2-SR5/historical/r1i1p1f1/WRF451Q/v1-r1/1hr/pr/v20240806/pr_EUR-12f_CMCC-CM2-SR5_historical_r1i1p1f1_TASK-IMWM_WRF451Q_v1-r1_1hr_198501010030-198512312330.nc,inconsistent attributes in DRS: ['domain_id_2'],ajaczewski
/mnt/CORDEX_CMIP6_tmp/sim_data/CORDEX-CMIP6/DD/EUR-12/TASK-IMWM/CMCC-CM2-SR5/historical/r1i1p1f1/WRF451Q/v1-r1/1hr/pr/v20240806/pr_EUR-12f_CMCC-CM2-SR5_historical_r1i1p1f1_TASK-IMWM_WRF451Q_v1-r1_1hr_200201010030-200212312330.nc,inconsistent attributes in DRS: ['domain_id_2'],ajaczewski
/mnt/CORDEX_CMIP6_tmp/sim_data/CORDEX-CMIP6/DD/EUR-12/TASK-IMWM/CMCC-CM2-SR5/historical/r1i1p1f1/WRF451Q/v1-r1/1hr/pr/v20240806/pr_EUR-12f_CMCC-CM2-SR5_historical_r1i1p1f1_TASK-IMWM_WRF451Q_v1-r1_1hr_198401010030-198412312330.nc,inconsistent attributes in DRS: ['domain_id_2'],ajaczewski
/mnt/CORDEX_CMIP6_tmp/sim_data/CORDEX-CMIP6/DD/EUR-12/TASK-IMWM/CMCC-CM2-SR5/historical/r1i1p1f1/WRF451Q/v1-r1/1hr/pr/v20240806/pr_EUR-12f_CMCC-CM2-SR5_historical_r1i1p1f1_TASK-IMWM_WRF451Q_v1-r1_1hr_199301010030-199312312330.nc,inconsistent attributes in DRS: ['domain_id_2'],ajaczewski
/mnt/CORDEX_CMIP6_tmp/sim_data/CORDEX-CMIP6/DD/EUR-12/TASK-IMWM/CMCC-CM2-SR5/historical/r1i1p1f1/WRF451Q/v1-r1/1hr/pr/v20240806/pr_EUR-12f_CMCC-CM2-SR5_historical_r1i1p1f1_TASK-IMWM_WRF451Q_v1-r1_1hr_197501010030-197512312330.nc,inconsistent attributes in DRS: ['domain_id_2'],ajaczewski
/mnt/CORDEX_CMIP6_tmp/sim_data/CORDEX-CMIP6/DD/EUR-12/TASK-IMWM/CMCC-CM2-SR5/historical/r1i1p1f1/WRF451Q/v1-r1/1hr/pr/v20240806/pr_EUR-12f_CMCC-CM2-SR5_historical_r1i1p1f1_TASK-IMWM_WRF451Q_v1-r1_1hr_198701010030-198712312330.nc,inconsistent attributes in DRS: ['domain_id_2'],ajaczewski
/mnt/CORDEX_CMIP6_tmp/sim_data/CORDEX-CMIP6/DD/EUR-12/TASK-IMWM/CMCC-CM2-SR5/historical/r1i1p1f1/WRF451Q/v1-r1/1hr/pr/v20240806/pr_EUR-12f_CMCC-CM2-SR5_historical_r1i1p1f1_TASK-IMWM_WRF451Q_v1-r1_1hr_200601010030-200612312330.nc,inconsistent attributes in DRS: ['domain_id_2'],ajaczewski
/mnt/CORDEX_CMIP6_tmp/sim_data/CORDEX-CMIP6/DD/EUR-12/TASK-IMWM/CMCC-CM2-SR5/historical/r1i1p1f1/WRF451Q/v1-r1/1hr/pr/v20240806/pr_EUR-12f_CMCC-CM2-SR5_historical_r1i1p1f1_TASK-IMWM_WRF451Q_v1-r1_1hr_195601010030-195612312330.nc,inconsistent attributes in DRS: ['domain_id_2'],ajaczewski
/mnt/CORDEX_CMIP6_tmp/sim_data/CORDEX-CMIP6/DD/EUR-12/TASK-IMWM/CMCC-CM2-SR5/historical/r1i1p1f1/WRF451Q/v1-r1/1hr/pr/v20240806/pr_EUR-12f_CMCC-CM2-SR5_historical_r1i1p1f1_TASK-IMWM_WRF451Q_v1-r1_1hr_199201010030-199212312330.nc,inconsistent attributes in DRS: ['domain_id_2'],ajaczewski
/mnt/CORDEX_CMIP6_tmp/sim_data/CORDEX-CMIP6/DD/EUR-12/TASK-IMWM/CMCC-CM2-SR5/historical/r1i1p1f1/WRF451Q/v1-r1/1hr/pr/v20240806/pr_EUR-12f_CMCC-CM2-SR5_historical_r1i1p1f1_TASK-IMWM_WRF451Q_v1-r1_1hr_199701010030-199712312330.nc,inconsistent attributes in DRS: ['domain_id_2'],ajaczewski
/mnt/CORDEX_CMIP6_tmp/sim_data/CORDEX-CMIP6/DD/EUR-12/TASK-IMWM/CMCC-CM2-SR5/historical/r1i1p1f1/WRF451Q/v1-r1/1hr/pr/v20240806/pr_EUR-12f_CMCC-CM2-SR5_historical_r1i1p1f1_TASK-IMWM_WRF451Q_v1-r1_1hr_198201010030-198212312330.nc,inconsistent attributes in DRS: ['domain_id_2'],ajaczewski
/mnt/CORDEX_CMIP6_tmp/sim_data/CORDEX-CMIP6/DD/EUR-12/TASK-IMWM/CMCC-CM2-SR5/historical/r1i1p1f1/WRF451Q/v1-r1/1hr/pr/v20240806/pr_EUR-12f_CMCC-CM2-SR5_historical_r1i1p1f1_TASK-IMWM_WRF451Q_v1-r1_1hr_196701010030-196712312330.nc,inconsistent attributes in DRS: ['domain_id_2'],ajaczewski
/mnt/CORDEX_CMIP6_tmp/sim_data/CORDEX-CMIP6/DD/EUR-12/TASK-IMWM/CMCC-CM2-SR5/historical/r1i1p1f1/WRF451Q/v1-r1/1hr/pr/v20240806/pr_EUR-12f_CMCC-CM2-SR5_historical_r1i1p1f1_TASK-IMWM_WRF451Q_v1-r1_1hr_199801010030-199812312330.nc,inconsistent attributes in DRS: ['domain_id_2'],ajaczewski
/mnt/CORDEX_CMIP6_tmp/sim_data/CORDEX-CMIP6/DD/EUR-12/TASK-IMWM/CMCC-CM2-SR5/historical/r1i1p1f1/WRF451Q/v1-r1/1hr/pr/v20240806/pr_EUR-12f_CMCC-CM2-SR5_historical_r1i1p1f1_TASK-IMWM_WRF451Q_v1-r1_1hr_200501010030-200512312330.nc,inconsistent attributes in DRS: ['domain_id_2'],ajaczewski
/mnt/CORDEX_CMIP6_tmp/sim_data/CORDEX-CMIP6/DD/EUR-12/TASK-IMWM/CMCC-CM2-SR5/historical/r1i1p1f1/WRF451Q/v1-r1/1hr/pr/v20240806/pr_EUR-12f_CMCC-CM2-SR5_historical_r1i1p1f1_TASK-IMWM_WRF451Q_v1-r1_1hr_197801010030-197812312330.nc,inconsistent attributes in DRS: ['domain_id_2'],ajaczewski
/mnt/CORDEX_CMIP6_tmp/sim_data/CORDEX-CMIP6/DD/EUR-12/TASK-IMWM/CMCC-CM2-SR5/historical/r1i1p1f1/WRF451Q/v1-r1/1hr/pr/v20240806/pr_EUR-12f_CMCC-CM2-SR5_historical_r1i1p1f1_TASK-IMWM_WRF451Q_v1-r1_1hr_197401010030-197412312330.nc,inconsistent attributes in DRS: ['domain_id_2'],ajaczewski
/mnt/CORDEX_CMIP6_tmp/sim_data/CORDEX-CMIP6/DD/EUR-12/TASK-IMWM/CMCC-CM2-SR5/historical/r1i1p1f1/WRF451Q/v1-r1/1hr/pr/v20240806/pr_EUR-12f_CMCC-CM2-SR5_historical_r1i1p1f1_TASK-IMWM_WRF451Q_v1-r1_1hr_195701010030-195712312330.nc,inconsistent attributes in DRS: ['domain_id_2'],ajaczewski
/mnt/CORDEX_CMIP6_tmp/sim_data/CORDEX-CMIP6/DD/EUR-12/TASK-IMWM/CMCC-CM2-SR5/historical/r1i1p1f1/WRF451Q/v1-r1/1hr/pr/v20240806/pr_EUR-12f_CMCC-CM2-SR5_historical_r1i1p1f1_TASK-IMWM_WRF451Q_v1-r1_1hr_199501010030-199512312330.nc,inconsistent attributes in DRS: ['domain_id_2'],ajaczewski
/mnt/CORDEX_CMIP6_tmp/sim_data/CORDEX-CMIP6/DD/EUR-12/TASK-IMWM/CMCC-CM2-SR5/historical/r1i1p1f1/WRF451Q/v1-r1/1hr/pr/v20240806/pr_EUR-12f_CMCC-CM2-SR5_historical_r1i1p1f1_TASK-IMWM_WRF451Q_v1-r1_1hr_200401010030-200412312330.nc,inconsistent attributes in DRS: ['domain_id_2'],ajaczewski
/mnt/CORDEX_CMIP6_tmp/sim_data/CORDEX-CMIP6/DD/EUR-12/TASK-IMWM/CMCC-CM2-SR5/historical/r1i1p1f1/WRF451Q/v1-r1/1hr/pr/v20240806/pr_EUR-12f_CMCC-CM2-SR5_historical_r1i1p1f1_TASK-IMWM_WRF451Q_v1-r1_1hr_197301010030-197312312330.nc,inconsistent attributes in DRS: ['domain_id_2'],ajaczewski
/mnt/CORDEX_CMIP6_tmp/sim_data/CORDEX-CMIP6/DD/EUR-12/TASK-IMWM/CMCC-CM2-SR5/historical/r1i1p1f1/WRF451Q/v1-r1/1hr/pr/v20240806/pr_EUR-12f_CMCC-CM2-SR5_historical_r1i1p1f1_TASK-IMWM_WRF451Q_v1-r1_1hr_201401010030-201412312330.nc,inconsistent attributes in DRS: ['domain_id_2'],ajaczewski
/mnt/CORDEX_CMIP6_tmp/sim_data/CORDEX-CMIP6/DD/EUR-12/TASK-IMWM/CMCC-CM2-SR5/historical/r1i1p1f1/WRF451Q/v1-r1/1hr/pr/v20240806/pr_EUR-12f_CMCC-CM2-SR5_historical_r1i1p1f1_TASK-IMWM_WRF451Q_v1-r1_1hr_198601010030-198612312330.nc,inconsistent attributes in DRS: ['domain_id_2'],ajaczewski
/mnt/CORDEX_CMIP6_tmp/sim_data/CORDEX-CMIP6/DD/EUR-12/TASK-IMWM/CMCC-CM2-SR5/historical/r1i1p1f1/WRF451Q/v1-r1/1hr/pr/v20240806/pr_EUR-12f_CMCC-CM2-SR5_historical_r1i1p1f1_TASK-IMWM_WRF451Q_v1-r1_1hr_195501010030-195512312330.nc,inconsistent attributes in DRS: ['domain_id_2'],ajaczewski
/mnt/CORDEX_CMIP6_tmp/sim_data/CORDEX-CMIP6/DD/EUR-12/TASK-IMWM/CMCC-CM2-SR5/historical/r1i1p1f1/WRF451Q/v1-r1/1hr/pr/v20240806/pr_EUR-12f_CMCC-CM2-SR5_historical_r1i1p1f1_TASK-IMWM_WRF451Q_v1-r1_1hr_197601010030-197612312330.nc,inconsistent attributes in DRS: ['domain_id_2'],ajaczewski
/mnt/CORDEX_CMIP6_tmp/sim_data/CORDEX-CMIP6/DD/EUR-12/TASK-IMWM/CMCC-CM2-SR5/historical/r1i1p1f1/WRF451Q/v1-r1/1hr/pr/v20240806/pr_EUR-12f_CMCC-CM2-SR5_historical_r1i1p1f1_TASK-IMWM_WRF451Q_v1-r1_1hr_199901010030-199912312330.nc,inconsistent attributes in DRS: ['domain_id_2'],ajaczewski
/mnt/CORDEX_CMIP6_tmp/sim_data/CORDEX-CMIP6/DD/EUR-12/TASK-IMWM/CMCC-CM2-SR5/historical/r1i1p1f1/WRF451Q/v1-r1/1hr/pr/v20240806/pr_EUR-12f_CMCC-CM2-SR5_historical_r1i1p1f1_TASK-IMWM_WRF451Q_v1-r1_1hr_200301010030-200312312330.nc,inconsistent attributes in DRS: ['domain_id_2'],ajaczewski
/mnt/CORDEX_CMIP6_tmp/sim_data/CORDEX-CMIP6/DD/EUR-12/TASK-IMWM/CMCC-CM2-SR5/historical/r1i1p1f1/WRF451Q/v1-r1/1hr/pr/v20240806/pr_EUR-12f_CMCC-CM2-SR5_historical_r1i1p1f1_TASK-IMWM_WRF451Q_v1-r1_1hr_199101010030-199112312330.nc,inconsistent attributes in DRS: ['domain_id_2'],ajaczewski
/mnt/CORDEX_CMIP6_tmp/sim_data/CORDEX-CMIP6/DD/EUR-12/TASK-IMWM/CMCC-CM2-SR5/historical/r1i1p1f1/WRF451Q/v1-r1/1hr/pr/v20240806/pr_EUR-12f_CMCC-CM2-SR5_historical_r1i1p1f1_TASK-IMWM_WRF451Q_v1-r1_1hr_195101010030-195112312330.nc,inconsistent attributes in DRS: ['domain_id_2'],ajaczewski
/mnt/CORDEX_CMIP6_tmp/sim_data/CORDEX-CMIP6/DD/EUR-12/TASK-IMWM/CMCC-CM2-SR5/historical/r1i1p1f1/WRF451Q/v1-r1/1hr/pr/v20240806/pr_EUR-12f_CMCC-CM2-SR5_historical_r1i1p1f1_TASK-IMWM_WRF451Q_v1-r1_1hr_197701010030-197712312330.nc,inconsistent attributes in DRS: ['domain_id_2'],ajaczewski
/mnt/CORDEX_CMIP6_tmp/sim_data/CORDEX-CMIP6/DD/EUR-12/TASK-IMWM/CMCC-CM2-SR5/historical/r1i1p1f1/WRF451Q/v1-r1/1hr/pr/v20240806/pr_EUR-12f_CMCC-CM2-SR5_historical_r1i1p1f1_TASK-IMWM_WRF451Q_v1-r1_1hr_200101010030-200112312330.nc,inconsistent attributes in DRS: ['domain_id_2'],ajaczewski
/mnt/CORDEX_CMIP6_tmp/sim_data/CORDEX-CMIP6/DD/EUR-12/TASK-IMWM/CMCC-CM2-SR5/historical/r1i1p1f1/WRF451Q/v1-r1/fx/orog/v20240806/orog_EUR-12f_CMCC-CM2-SR5_historical_r1i1p1f1_TASK-IMWM_WRF451Q_v1-r1_fx.nc,inconsistent attributes in DRS: ['domain_id_2'],ajaczewski
/mnt/CORDEX_CMIP6_tmp/sim_data/CORDEX-CMIP6/DD/EUR-12/TASK-IMWM/CMCC-CM2-SR5/historical/r1i1p1f1/WRF451Q/v1-r1/fx/sftlaf/v20240806/sftlaf_EUR-12f_CMCC-CM2-SR5_historical_r1i1p1f1_TASK-IMWM_WRF451Q_v1-r1_fx.nc,inconsistent attributes in DRS: ['domain_id_2'],ajaczewski
/mnt/CORDEX_CMIP6_tmp/sim_data/CORDEX-CMIP6/DD/EUR-12/TASK-IMWM/CMCC-CM2-SR5/historical/r1i1p1f1/WRF451Q/v1-r1/fx/sfturf/v20240806/sfturf_EUR-12f_CMCC-CM2-SR5_historical_r1i1p1f1_TASK-IMWM_WRF451Q_v1-r1_fx.nc,inconsistent attributes in DRS: ['domain_id_2'],ajaczewski
/mnt/CORDEX_CMIP6_tmp/sim_data/CORDEX-CMIP6/DD/EUR-12/TASK-IMWM/CMCC-CM2-SR5/historical/r1i1p1f1/WRF451Q/v1-r1/fx/sftlf/v20240806/sftlf_EUR-12f_CMCC-CM2-SR5_historical_r1i1p1f1_TASK-IMWM_WRF451Q_v1-r1_fx.nc,inconsistent attributes in DRS: ['domain_id_2'],ajaczewski
/mnt/CORDEX_CMIP6_tmp/sim_data/CORDEX-CMIP6/DD/EUR-12/TASK-IMWM/CMCC-CM2-SR5/historical/r1i1p1f1/WRF451Q/v1-r1/day/vas/vas_EUR-12f_CMCC-CM2-SR5_historical_r1i1p1f1_TASK-IMWM_WRF451Q_v1-r1_day_19760101-19801231.nc,"inconsistent attributes in DRS: ['variable_id_2', 'domain_id_2', 'driving_source_id_2', 'driving_experiment_id_2', 'driving_variant_label_2', 'institution_id_2', 'source_id_2', 'version_realization_2', 'frequency_2']",ajaczewski
/mnt/CORDEX_CMIP6_tmp/sim_data/CORDEX-CMIP6/DD/EUR-12/TASK-IMWM/CMCC-CM2-SR5/historical/r1i1p1f1/WRF451Q/v1-r1/day/vas/vas_EUR-12f_CMCC-CM2-SR5_historical_r1i1p1f1_TASK-IMWM_WRF451Q_v1-r1_day_19960101-20001231.nc,"inconsistent attributes in DRS: ['variable_id_2', 'domain_id_2', 'driving_source_id_2', 'driving_experiment_id_2', 'driving_variant_label_2', 'institution_id_2', 'source_id_2', 'version_realization_2', 'frequency_2']",ajaczewski
/mnt/CORDEX_CMIP6_tmp/sim_data/CORDEX-CMIP6/DD/EUR-12/TASK-IMWM/CMCC-CM2-SR5/historical/r1i1p1f1/WRF451Q/v1-r1/day/vas/vas_EUR-12f_CMCC-CM2-SR5_historical_r1i1p1f1_TASK-IMWM_WRF451Q_v1-r1_day_20060101-20101231.nc,"inconsistent attributes in DRS: ['variable_id_2', 'domain_id_2', 'driving_source_id_2', 'driving_experiment_id_2', 'driving_variant_label_2', 'institution_id_2', 'source_id_2', 'version_realization_2', 'frequency_2']",ajaczewski
/mnt/CORDEX_CMIP6_tmp/sim_data/CORDEX-CMIP6/DD/EUR-12/TASK-IMWM/CMCC-CM2-SR5/historical/r1i1p1f1/WRF451Q/v1-r1/day/vas/vas_EUR-12f_CMCC-CM2-SR5_historical_r1i1p1f1_TASK-IMWM_WRF451Q_v1-r1_day_19660101-19701231.nc,"inconsistent attributes in DRS: ['variable_id_2', 'domain_id_2', 'driving_source_id_2', 'driving_experiment_id_2', 'driving_variant_label_2', 'institution_id_2', 'source_id_2', 'version_realization_2', 'frequency_2']",ajaczewski
/mnt/CORDEX_CMIP6_tmp/sim_data/CORDEX-CMIP6/DD/EUR-12/TASK-IMWM/CMCC-CM2-SR5/historical/r1i1p1f1/WRF451Q/v1-r1/day/vas/vas_EUR-12f_CMCC-CM2-SR5_historical_r1i1p1f1_TASK-IMWM_WRF451Q_v1-r1_day_19560101-19601231.nc,"inconsistent attributes in DRS: ['variable_id_2', 'domain_id_2', 'driving_source_id_2', 'driving_experiment_id_2', 'driving_variant_label_2', 'institution_id_2', 'source_id_2', 'version_realization_2', 'frequency_2']",ajaczewski
/mnt/CORDEX_CMIP6_tmp/sim_data/CORDEX-CMIP6/DD/EUR-12/TASK-IMWM/CMCC-CM2-SR5/historical/r1i1p1f1/WRF451Q/v1-r1/day/vas/vas_EUR-12f_CMCC-CM2-SR5_historical_r1i1p1f1_TASK-IMWM_WRF451Q_v1-r1_day_19510101-19551231.nc,"inconsistent attributes in DRS: ['variable_id_2', 'domain_id_2', 'driving_source_id_2', 'driving_experiment_id_2', 'driving_variant_label_2', 'institution_id_2', 'source_id_2', 'version_realization_2', 'frequency_2']",ajaczewski
/mnt/CORDEX_CMIP6_tmp/sim_data/CORDEX-CMIP6/DD/EUR-12/TASK-IMWM/CMCC-CM2-SR5/historical/r1i1p1f1/WRF451Q/v1-r1/day/vas/vas_EUR-12f_CMCC-CM2-SR5_historical_r1i1p1f1_TASK-IMWM_WRF451Q_v1-r1_day_19860101-19901231.nc,"inconsistent attributes in DRS: ['variable_id_2', 'domain_id_2', 'driving_source_id_2', 'driving_experiment_id_2', 'driving_variant_label_2', 'institution_id_2', 'source_id_2', 'version_realization_2', 'frequency_2']",ajaczewski
/mnt/CORDEX_CMIP6_tmp/sim_data/CORDEX-CMIP6/DD/EUR-12/TASK-IMWM/CMCC-CM2-SR5/historical/r1i1p1f1/WRF451Q/v1-r1/day/vas/vas_EUR-12f_CMCC-CM2-SR5_historical_r1i1p1f1_TASK-IMWM_WRF451Q_v1-r1_day_20010101-20051231.nc,"inconsistent attributes in DRS: ['variable_id_2', 'domain_id_2', 'driving_source_id_2', 'driving_experiment_id_2', 'driving_variant_label_2', 'institution_id_2', 'source_id_2', 'version_realization_2', 'frequency_2']",ajaczewski
/mnt/CORDEX_CMIP6_tmp/sim_data/CORDEX-CMIP6/DD/EUR-12/TASK-IMWM/CMCC-CM2-SR5/historical/r1i1p1f1/WRF451Q/v1-r1/day/vas/vas_EUR-12f_CMCC-CM2-SR5_historical_r1i1p1f1_TASK-IMWM_WRF451Q_v1-r1_day_20110101-20141231.nc,"inconsistent attributes in DRS: ['variable_id_2', 'domain_id_2', 'driving_source_id_2', 'driving_experiment_id_2', 'driving_variant_label_2', 'institution_id_2', 'source_id_2', 'version_realization_2', 'frequency_2']",ajaczewski
/mnt/CORDEX_CMIP6_tmp/sim_data/CORDEX-CMIP6/DD/EUR-12/TASK-IMWM/CMCC-CM2-SR5/historical/r1i1p1f1/WRF451Q/v1-r1/day/vas/vas_EUR-12f_CMCC-CM2-SR5_historical_r1i1p1f1_TASK-IMWM_WRF451Q_v1-r1_day_19910101-19951231.nc,"inconsistent attributes in DRS: ['variable_id_2', 'domain_id_2', 'driving_source_id_2', 'driving_experiment_id_2', 'driving_variant_label_2', 'institution_id_2', 'source_id_2', 'version_realization_2', 'frequency_2']",ajaczewski
/mnt/CORDEX_CMIP6_tmp/sim_data/CORDEX-CMIP6/DD/EUR-12/TASK-IMWM/CMCC-CM2-SR5/historical/r1i1p1f1/WRF451Q/v1-r1/day/vas/vas_EUR-12f_CMCC-CM2-SR5_historical_r1i1p1f1_TASK-IMWM_WRF451Q_v1-r1_day_19810101-19851231.nc,"inconsistent attributes in DRS: ['variable_id_2', 'domain_id_2', 'driving_source_id_2', 'driving_experiment_id_2', 'driving_variant_label_2', 'institution_id_2', 'source_id_2', 'version_realization_2', 'frequency_2']",ajaczewski
/mnt/CORDEX_CMIP6_tmp/sim_data/CORDEX-CMIP6/DD/EUR-12/TASK-IMWM/CMCC-CM2-SR5/historical/r1i1p1f1/WRF451Q/v1-r1/day/vas/vas_EUR-12f_CMCC-CM2-SR5_historical_r1i1p1f1_TASK-IMWM_WRF451Q_v1-r1_day_19610101-19651231.nc,"inconsistent attributes in DRS: ['variable_id_2', 'domain_id_2', 'driving_source_id_2', 'driving_experiment_id_2', 'driving_variant_label_2', 'institution_id_2', 'source_id_2', 'version_realization_2', 'frequency_2']",ajaczewski
/mnt/CORDEX_CMIP6_tmp/sim_data/CORDEX-CMIP6/DD/EUR-12/TASK-IMWM/CMCC-CM2-SR5/historical/r1i1p1f1/WRF451Q/v1-r1/day/vas/vas_EUR-12f_CMCC-CM2-SR5_historical_r1i1p1f1_TASK-IMWM_WRF451Q_v1-r1_day_19710101-19751231.nc,"inconsistent attributes in DRS: ['variable_id_2', 'domain_id_2', 'driving_source_id_2', 'driving_experiment_id_2', 'driving_variant_label_2', 'institution_id_2', 'source_id_2', 'version_realization_2', 'frequency_2']",ajaczewski
/mnt/CORDEX_CMIP6_tmp/sim_data/CORDEX-CMIP6/DD/EUR-12/TASK-IMWM/CMCC-CM2-SR5/historical/r1i1p1f1/WRF451Q/v1-r1/day/huss/v20240806/huss_EUR-12f_CMCC-CM2-SR5_historical_r1i1p1f1_TASK-IMWM_WRF451Q_v1-r1_day_19510101-19551231.nc,inconsistent attributes in DRS: ['domain_id_2'],ajaczewski
/mnt/CORDEX_CMIP6_tmp/sim_data/CORDEX-CMIP6/DD/EUR-12/TASK-IMWM/CMCC-CM2-SR5/historical/r1i1p1f1/WRF451Q/v1-r1/day/huss/v20240806/huss_EUR-12f_CMCC-CM2-SR5_historical_r1i1p1f1_TASK-IMWM_WRF451Q_v1-r1_day_19710101-19751231.nc,inconsistent attributes in DRS: ['domain_id_2'],ajaczewski
/mnt/CORDEX_CMIP6_tmp/sim_data/CORDEX-CMIP6/DD/EUR-12/TASK-IMWM/CMCC-CM2-SR5/historical/r1i1p1f1/WRF451Q/v1-r1/day/huss/v20240806/huss_EUR-12f_CMCC-CM2-SR5_historical_r1i1p1f1_TASK-IMWM_WRF451Q_v1-r1_day_19810101-19851231.nc,inconsistent attributes in DRS: ['domain_id_2'],ajaczewski
/mnt/CORDEX_CMIP6_tmp/sim_data/CORDEX-CMIP6/DD/EUR-12/TASK-IMWM/CMCC-CM2-SR5/historical/r1i1p1f1/WRF451Q/v1-r1/day/huss/v20240806/huss_EUR-12f_CMCC-CM2-SR5_historical_r1i1p1f1_TASK-IMWM_WRF451Q_v1-r1_day_19760101-19801231.nc,inconsistent attributes in DRS: ['domain_id_2'],ajaczewski
/mnt/CORDEX_CMIP6_tmp/sim_data/CORDEX-CMIP6/DD/EUR-12/TASK-IMWM/CMCC-CM2-SR5/historical/r1i1p1f1/WRF451Q/v1-r1/day/huss/v20240806/huss_EUR-12f_CMCC-CM2-SR5_historical_r1i1p1f1_TASK-IMWM_WRF451Q_v1-r1_day_19660101-19701231.nc,inconsistent attributes in DRS: ['domain_id_2'],ajaczewski
/mnt/CORDEX_CMIP6_tmp/sim_data/CORDEX-CMIP6/DD/EUR-12/TASK-IMWM/CMCC-CM2-SR5/historical/r1i1p1f1/WRF451Q/v1-r1/day/huss/v20240806/huss_EUR-12f_CMCC-CM2-SR5_historical_r1i1p1f1_TASK-IMWM_WRF451Q_v1-r1_day_19910101-19951231.nc,inconsistent attributes in DRS: ['domain_id_2'],ajaczewski
/mnt/CORDEX_CMIP6_tmp/sim_data/CORDEX-CMIP6/DD/EUR-12/TASK-IMWM/CMCC-CM2-SR5/historical/r1i1p1f1/WRF451Q/v1-r1/day/huss/v20240806/huss_EUR-12f_CMCC-CM2-SR5_historical_r1i1p1f1_TASK-IMWM_WRF451Q_v1-r1_day_19610101-19651231.nc,inconsistent attributes in DRS: ['domain_id_2'],ajaczewski
/mnt/CORDEX_CMIP6_tmp/sim_data/CORDEX-CMIP6/DD/EUR-12/TASK-IMWM/CMCC-CM2-SR5/historical/r1i1p1f1/WRF451Q/v1-r1/day/huss/v20240806/huss_EUR-12f_CMCC-CM2-SR5_historical_r1i1p1f1_TASK-IMWM_WRF451Q_v1-r1_day_19860101-19901231.nc,inconsistent attributes in DRS: ['domain_id_2'],ajaczewski
/mnt/CORDEX_CMIP6_tmp/sim_data/CORDEX-CMIP6/DD/EUR-12/TASK-IMWM/CMCC-CM2-SR5/historical/r1i1p1f1/WRF451Q/v1-r1/day/huss/v20240806/huss_EUR-12f_CMCC-CM2-SR5_historical_r1i1p1f1_TASK-IMWM_WRF451Q_v1-r1_day_19960101-20001231.nc,inconsistent attributes in DRS: ['domain_id_2'],ajaczewski
/mnt/CORDEX_CMIP6_tmp/sim_data/CORDEX-CMIP6/DD/EUR-12/TASK-IMWM/CMCC-CM2-SR5/historical/r1i1p1f1/WRF451Q/v1-r1/day/huss/v20240806/huss_EUR-12f_CMCC-CM2-SR5_historical_r1i1p1f1_TASK-IMWM_WRF451Q_v1-r1_day_20110101-20141231.nc,inconsistent attributes in DRS: ['domain_id_2'],ajaczewski
/mnt/CORDEX_CMIP6_tmp/sim_data/CORDEX-CMIP6/DD/EUR-12/TASK-IMWM/CMCC-CM2-SR5/historical/r1i1p1f1/WRF451Q/v1-r1/day/huss/v20240806/huss_EUR-12f_CMCC-CM2-SR5_historical_r1i1p1f1_TASK-IMWM_WRF451Q_v1-r1_day_20010101-20051231.nc,inconsistent attributes in DRS: ['domain_id_2'],ajaczewski
/mnt/CORDEX_CMIP6_tmp/sim_data/CORDEX-CMIP6/DD/EUR-12/TASK-IMWM/CMCC-CM2-SR5/historical/r1i1p1f1/WRF451Q/v1-r1/day/huss/v20240806/huss_EUR-12f_CMCC-CM2-SR5_historical_r1i1p1f1_TASK-IMWM_WRF451Q_v1-r1_day_19560101-19601231.nc,inconsistent attributes in DRS: ['domain_id_2'],ajaczewski
/mnt/CORDEX_CMIP6_tmp/sim_data/CORDEX-CMIP6/DD/EUR-12/TASK-IMWM/CMCC-CM2-SR5/historical/r1i1p1f1/WRF451Q/v1-r1/day/huss/v20240806/huss_EUR-12f_CMCC-CM2-SR5_historical_r1i1p1f1_TASK-IMWM_WRF451Q_v1-r1_day_20060101-20101231.nc,inconsistent attributes in DRS: ['domain_id_2'],ajaczewski
/mnt/CORDEX_CMIP6_tmp/sim_data/CORDEX-CMIP6/DD/EUR-12/TASK-IMWM/CMCC-CM2-SR5/historical/r1i1p1f1/WRF451Q/v1-r1/day/tas/v20240806/tas_EUR-12f_CMCC-CM2-SR5_historical_r1i1p1f1_TASK-IMWM_WRF451Q_v1-r1_day_19640101-19641231.nc,inconsistent attributes in DRS: ['domain_id_2'],ajaczewski
/mnt/CORDEX_CMIP6_tmp/sim_data/CORDEX-CMIP6/DD/EUR-12/TASK-IMWM/CMCC-CM2-SR5/historical/r1i1p1f1/WRF451Q/v1-r1/day/tas/v20240806/tas_EUR-12f_CMCC-CM2-SR5_historical_r1i1p1f1_TASK-IMWM_WRF451Q_v1-r1_day_20090101-20091231.nc,inconsistent attributes in DRS: ['domain_id_2'],ajaczewski
/mnt/CORDEX_CMIP6_tmp/sim_data/CORDEX-CMIP6/DD/EUR-12/TASK-IMWM/CMCC-CM2-SR5/historical/r1i1p1f1/WRF451Q/v1-r1/day/tas/v20240806/tas_EUR-12f_CMCC-CM2-SR5_historical_r1i1p1f1_TASK-IMWM_WRF451Q_v1-r1_day_19940101-19941231.nc,inconsistent attributes in DRS: ['domain_id_2'],ajaczewski
/mnt/CORDEX_CMIP6_tmp/sim_data/CORDEX-CMIP6/DD/EUR-12/TASK-IMWM/CMCC-CM2-SR5/historical/r1i1p1f1/WRF451Q/v1-r1/day/tas/v20240806/tas_EUR-12f_CMCC-CM2-SR5_historical_r1i1p1f1_TASK-IMWM_WRF451Q_v1-r1_day_19560101-19561231.nc,inconsistent attributes in DRS: ['domain_id_2'],ajaczewski
/mnt/CORDEX_CMIP6_tmp/sim_data/CORDEX-CMIP6/DD/EUR-12/TASK-IMWM/CMCC-CM2-SR5/historical/r1i1p1f1/WRF451Q/v1-r1/day/tas/v20240806/tas_EUR-12f_CMCC-CM2-SR5_historical_r1i1p1f1_TASK-IMWM_WRF451Q_v1-r1_day_19770101-19771231.nc,inconsistent attributes in DRS: ['domain_id_2'],ajaczewski
/mnt/CORDEX_CMIP6_tmp/sim_data/CORDEX-CMIP6/DD/EUR-12/TASK-IMWM/CMCC-CM2-SR5/historical/r1i1p1f1/WRF451Q/v1-r1/day/tas/v20240806/tas_EUR-12f_CMCC-CM2-SR5_historical_r1i1p1f1_TASK-IMWM_WRF451Q_v1-r1_day_19590101-19591231.nc,inconsistent attributes in DRS: ['domain_id_2'],ajaczewski
/mnt/CORDEX_CMIP6_tmp/sim_data/CORDEX-CMIP6/DD/EUR-12/TASK-IMWM/CMCC-CM2-SR5/historical/r1i1p1f1/WRF451Q/v1-r1/day/tas/v20240806/tas_EUR-12f_CMCC-CM2-SR5_historical_r1i1p1f1_TASK-IMWM_WRF451Q_v1-r1_day_19550101-19551231.nc,inconsistent attributes in DRS: ['domain_id_2'],ajaczewski
/mnt/CORDEX_CMIP6_tmp/sim_data/CORDEX-CMIP6/DD/EUR-12/TASK-IMWM/CMCC-CM2-SR5/historical/r1i1p1f1/WRF451Q/v1-r1/day/tas/v20240806/tas_EUR-12f_CMCC-CM2-SR5_historical_r1i1p1f1_TASK-IMWM_WRF451Q_v1-r1_day_19580101-19581231.nc,inconsistent attributes in DRS: ['domain_id_2'],ajaczewski
/mnt/CORDEX_CMIP6_tmp/sim_data/CORDEX-CMIP6/DD/EUR-12/TASK-IMWM/CMCC-CM2-SR5/historical/r1i1p1f1/WRF451Q/v1-r1/day/tas/v20240806/tas_EUR-12f_CMCC-CM2-SR5_historical_r1i1p1f1_TASK-IMWM_WRF451Q_v1-r1_day_19800101-19801231.nc,inconsistent attributes in DRS: ['domain_id_2'],ajaczewski
/mnt/CORDEX_CMIP6_tmp/sim_data/CORDEX-CMIP6/DD/EUR-12/TASK-IMWM/CMCC-CM2-SR5/historical/r1i1p1f1/WRF451Q/v1-r1/day/tas/v20240806/tas_EUR-12f_CMCC-CM2-SR5_historical_r1i1p1f1_TASK-IMWM_WRF451Q_v1-r1_day_19950101-19951231.nc,inconsistent attributes in DRS: ['domain_id_2'],ajaczewski
/mnt/CORDEX_CMIP6_tmp/sim_data/CORDEX-CMIP6/DD/EUR-12/TASK-IMWM/CMCC-CM2-SR5/historical/r1i1p1f1/WRF451Q/v1-r1/day/tas/v20240806/tas_EUR-12f_CMCC-CM2-SR5_historical_r1i1p1f1_TASK-IMWM_WRF451Q_v1-r1_day_19690101-19691231.nc,inconsistent attributes in DRS: ['domain_id_2'],ajaczewski
/mnt/CORDEX_CMIP6_tmp/sim_data/CORDEX-CMIP6/DD/EUR-12/TASK-IMWM/CMCC-CM2-SR5/historical/r1i1p1f1/WRF451Q/v1-r1/day/tas/v20240806/tas_EUR-12f_CMCC-CM2-SR5_historical_r1i1p1f1_TASK-IMWM_WRF451Q_v1-r1_day_19720101-19721231.nc,inconsistent attributes in DRS: ['domain_id_2'],ajaczewski
/mnt/CORDEX_CMIP6_tmp/sim_data/CORDEX-CMIP6/DD/EUR-12/TASK-IMWM/CMCC-CM2-SR5/historical/r1i1p1f1/WRF451Q/v1-r1/day/tas/v20240806/tas_EUR-12f_CMCC-CM2-SR5_historical_r1i1p1f1_TASK-IMWM_WRF451Q_v1-r1_day_19880101-19881231.nc,inconsistent attributes in DRS: ['domain_id_2'],ajaczewski
/mnt/CORDEX_CMIP6_tmp/sim_data/CORDEX-CMIP6/DD/EUR-12/TASK-IMWM/CMCC-CM2-SR5/historical/r1i1p1f1/WRF451Q/v1-r1/day/tas/v20240806/tas_EUR-12f_CMCC-CM2-SR5_historical_r1i1p1f1_TASK-IMWM_WRF451Q_v1-r1_day_19890101-19891231.nc,inconsistent attributes in DRS: ['domain_id_2'],ajaczewski
/mnt/CORDEX_CMIP6_tmp/sim_data/CORDEX-CMIP6/DD/EUR-12/TASK-IMWM/CMCC-CM2-SR5/historical/r1i1p1f1/WRF451Q/v1-r1/day/tas/v20240806/tas_EUR-12f_CMCC-CM2-SR5_historical_r1i1p1f1_TASK-IMWM_WRF451Q_v1-r1_day_20080101-20081231.nc,inconsistent attributes in DRS: ['domain_id_2'],ajaczewski
/mnt/CORDEX_CMIP6_tmp/sim_data/CORDEX-CMIP6/DD/EUR-12/TASK-IMWM/CMCC-CM2-SR5/historical/r1i1p1f1/WRF451Q/v1-r1/day/tas/v20240806/tas_EUR-12f_CMCC-CM2-SR5_historical_r1i1p1f1_TASK-IMWM_WRF451Q_v1-r1_day_20130101-20131231.nc,inconsistent attributes in DRS: ['domain_id_2'],ajaczewski
/mnt/CORDEX_CMIP6_tmp/sim_data/CORDEX-CMIP6/DD/EUR-12/TASK-IMWM/CMCC-CM2-SR5/historical/r1i1p1f1/WRF451Q/v1-r1/day/tas/v20240806/tas_EUR-12f_CMCC-CM2-SR5_historical_r1i1p1f1_TASK-IMWM_WRF451Q_v1-r1_day_19990101-19991231.nc,inconsistent attributes in DRS: ['domain_id_2'],ajaczewski
/mnt/CORDEX_CMIP6_tmp/sim_data/CORDEX-CMIP6/DD/EUR-12/TASK-IMWM/CMCC-CM2-SR5/historical/r1i1p1f1/WRF451Q/v1-r1/day/tas/v20240806/tas_EUR-12f_CMCC-CM2-SR5_historical_r1i1p1f1_TASK-IMWM_WRF451Q_v1-r1_day_19710101-19711231.nc,inconsistent attributes in DRS: ['domain_id_2'],ajaczewski
/mnt/CORDEX_CMIP6_tmp/sim_data/CORDEX-CMIP6/DD/EUR-12/TASK-IMWM/CMCC-CM2-SR5/historical/r1i1p1f1/WRF451Q/v1-r1/day/tas/v20240806/tas_EUR-12f_CMCC-CM2-SR5_historical_r1i1p1f1_TASK-IMWM_WRF451Q_v1-r1_day_20040101-20041231.nc,inconsistent attributes in DRS: ['domain_id_2'],ajaczewski
/mnt/CORDEX_CMIP6_tmp/sim_data/CORDEX-CMIP6/DD/EUR-12/TASK-IMWM/CMCC-CM2-SR5/historical/r1i1p1f1/WRF451Q/v1-r1/day/tas/v20240806/tas_EUR-12f_CMCC-CM2-SR5_historical_r1i1p1f1_TASK-IMWM_WRF451Q_v1-r1_day_19610101-19611231.nc,inconsistent attributes in DRS: ['domain_id_2'],ajaczewski
/mnt/CORDEX_CMIP6_tmp/sim_data/CORDEX-CMIP6/DD/EUR-12/TASK-IMWM/CMCC-CM2-SR5/historical/r1i1p1f1/WRF451Q/v1-r1/day/tas/v20240806/tas_EUR-12f_CMCC-CM2-SR5_historical_r1i1p1f1_TASK-IMWM_WRF451Q_v1-r1_day_19670101-19671231.nc,inconsistent attributes in DRS: ['domain_id_2'],ajaczewski
/mnt/CORDEX_CMIP6_tmp/sim_data/CORDEX-CMIP6/DD/EUR-12/TASK-IMWM/CMCC-CM2-SR5/historical/r1i1p1f1/WRF451Q/v1-r1/day/tas/v20240806/tas_EUR-12f_CMCC-CM2-SR5_historical_r1i1p1f1_TASK-IMWM_WRF451Q_v1-r1_day_19860101-19861231.nc,inconsistent attributes in DRS: ['domain_id_2'],ajaczewski
/mnt/CORDEX_CMIP6_tmp/sim_data/CORDEX-CMIP6/DD/EUR-12/TASK-IMWM/CMCC-CM2-SR5/historical/r1i1p1f1/WRF451Q/v1-r1/day/tas/v20240806/tas_EUR-12f_CMCC-CM2-SR5_historical_r1i1p1f1_TASK-IMWM_WRF451Q_v1-r1_day_19630101-19631231.nc,inconsistent attributes in DRS: ['domain_id_2'],ajaczewski
/mnt/CORDEX_CMIP6_tmp/sim_data/CORDEX-CMIP6/DD/EUR-12/TASK-IMWM/CMCC-CM2-SR5/historical/r1i1p1f1/WRF451Q/v1-r1/day/tas/v20240806/tas_EUR-12f_CMCC-CM2-SR5_historical_r1i1p1f1_TASK-IMWM_WRF451Q_v1-r1_day_19820101-19821231.nc,inconsistent attributes in DRS: ['domain_id_2'],ajaczewski
/mnt/CORDEX_CMIP6_tmp/sim_data/CORDEX-CMIP6/DD/EUR-12/TASK-IMWM/CMCC-CM2-SR5/historical/r1i1p1f1/WRF451Q/v1-r1/day/tas/v20240806/tas_EUR-12f_CMCC-CM2-SR5_historical_r1i1p1f1_TASK-IMWM_WRF451Q_v1-r1_day_19520101-19521231.nc,inconsistent attributes in DRS: ['domain_id_2'],ajaczewski
/mnt/CORDEX_CMIP6_tmp/sim_data/CORDEX-CMIP6/DD/EUR-12/TASK-IMWM/CMCC-CM2-SR5/historical/r1i1p1f1/WRF451Q/v1-r1/day/tas/v20240806/tas_EUR-12f_CMCC-CM2-SR5_historical_r1i1p1f1_TASK-IMWM_WRF451Q_v1-r1_day_19540101-19541231.nc,inconsistent attributes in DRS: ['domain_id_2'],ajaczewski
/mnt/CORDEX_CMIP6_tmp/sim_data/CORDEX-CMIP6/DD/EUR-12/TASK-IMWM/CMCC-CM2-SR5/historical/r1i1p1f1/WRF451Q/v1-r1/day/tas/v20240806/tas_EUR-12f_CMCC-CM2-SR5_historical_r1i1p1f1_TASK-IMWM_WRF451Q_v1-r1_day_20010101-20011231.nc,inconsistent attributes in DRS: ['domain_id_2'],ajaczewski
/mnt/CORDEX_CMIP6_tmp/sim_data/CORDEX-CMIP6/DD/EUR-12/TASK-IMWM/CMCC-CM2-SR5/historical/r1i1p1f1/WRF451Q/v1-r1/day/tas/v20240806/tas_EUR-12f_CMCC-CM2-SR5_historical_r1i1p1f1_TASK-IMWM_WRF451Q_v1-r1_day_19510101-19511231.nc,inconsistent attributes in DRS: ['domain_id_2'],ajaczewski
/mnt/CORDEX_CMIP6_tmp/sim_data/CORDEX-CMIP6/DD/EUR-12/TASK-IMWM/CMCC-CM2-SR5/historical/r1i1p1f1/WRF451Q/v1-r1/day/tas/v20240806/tas_EUR-12f_CMCC-CM2-SR5_historical_r1i1p1f1_TASK-IMWM_WRF451Q_v1-r1_day_19850101-19851231.nc,inconsistent attributes in DRS: ['domain_id_2'],ajaczewski
/mnt/CORDEX_CMIP6_tmp/sim_data/CORDEX-CMIP6/DD/EUR-12/TASK-IMWM/CMCC-CM2-SR5/historical/r1i1p1f1/WRF451Q/v1-r1/day/tas/v20240806/tas_EUR-12f_CMCC-CM2-SR5_historical_r1i1p1f1_TASK-IMWM_WRF451Q_v1-r1_day_20110101-20111231.nc,inconsistent attributes in DRS: ['domain_id_2'],ajaczewski
/mnt/CORDEX_CMIP6_tmp/sim_data/CORDEX-CMIP6/DD/EUR-12/TASK-IMWM/CMCC-CM2-SR5/historical/r1i1p1f1/WRF451Q/v1-r1/day/tas/v20240806/tas_EUR-12f_CMCC-CM2-SR5_historical_r1i1p1f1_TASK-IMWM_WRF451Q_v1-r1_day_19810101-19811231.nc,inconsistent attributes in DRS: ['domain_id_2'],ajaczewski
/mnt/CORDEX_CMIP6_tmp/sim_data/CORDEX-CMIP6/DD/EUR-12/TASK-IMWM/CMCC-CM2-SR5/historical/r1i1p1f1/WRF451Q/v1-r1/day/tas/v20240806/tas_EUR-12f_CMCC-CM2-SR5_historical_r1i1p1f1_TASK-IMWM_WRF451Q_v1-r1_day_19790101-19791231.nc,inconsistent attributes in DRS: ['domain_id_2'],ajaczewski
/mnt/CORDEX_CMIP6_tmp/sim_data/CORDEX-CMIP6/DD/EUR-12/TASK-IMWM/CMCC-CM2-SR5/historical/r1i1p1f1/WRF451Q/v1-r1/day/tas/v20240806/tas_EUR-12f_CMCC-CM2-SR5_historical_r1i1p1f1_TASK-IMWM_WRF451Q_v1-r1_day_19680101-19681231.nc,inconsistent attributes in DRS: ['domain_id_2'],ajaczewski
/mnt/CORDEX_CMIP6_tmp/sim_data/CORDEX-CMIP6/DD/EUR-12/TASK-IMWM/CMCC-CM2-SR5/historical/r1i1p1f1/WRF451Q/v1-r1/day/tas/v20240806/tas_EUR-12f_CMCC-CM2-SR5_historical_r1i1p1f1_TASK-IMWM_WRF451Q_v1-r1_day_19750101-19751231.nc,inconsistent attributes in DRS: ['domain_id_2'],ajaczewski
/mnt/CORDEX_CMIP6_tmp/sim_data/CORDEX-CMIP6/DD/EUR-12/TASK-IMWM/CMCC-CM2-SR5/historical/r1i1p1f1/WRF451Q/v1-r1/day/tas/v20240806/tas_EUR-12f_CMCC-CM2-SR5_historical_r1i1p1f1_TASK-IMWM_WRF451Q_v1-r1_day_19830101-19831231.nc,inconsistent attributes in DRS: ['domain_id_2'],ajaczewski
/mnt/CORDEX_CMIP6_tmp/sim_data/CORDEX-CMIP6/DD/EUR-12/TASK-IMWM/CMCC-CM2-SR5/historical/r1i1p1f1/WRF451Q/v1-r1/day/tas/v20240806/tas_EUR-12f_CMCC-CM2-SR5_historical_r1i1p1f1_TASK-IMWM_WRF451Q_v1-r1_day_19730101-19731231.nc,inconsistent attributes in DRS: ['domain_id_2'],ajaczewski
/mnt/CORDEX_CMIP6_tmp/sim_data/CORDEX-CMIP6/DD/EUR-12/TASK-IMWM/CMCC-CM2-SR5/historical/r1i1p1f1/WRF451Q/v1-r1/day/tas/v20240806/tas_EUR-12f_CMCC-CM2-SR5_historical_r1i1p1f1_TASK-IMWM_WRF451Q_v1-r1_day_19740101-19741231.nc,inconsistent attributes in DRS: ['domain_id_2'],ajaczewski
/mnt/CORDEX_CMIP6_tmp/sim_data/CORDEX-CMIP6/DD/EUR-12/TASK-IMWM/CMCC-CM2-SR5/historical/r1i1p1f1/WRF451Q/v1-r1/day/tas/v20240806/tas_EUR-12f_CMCC-CM2-SR5_historical_r1i1p1f1_TASK-IMWM_WRF451Q_v1-r1_day_20030101-20031231.nc,inconsistent attributes in DRS: ['domain_id_2'],ajaczewski
/mnt/CORDEX_CMIP6_tmp/sim_data/CORDEX-CMIP6/DD/EUR-12/TASK-IMWM/CMCC-CM2-SR5/historical/r1i1p1f1/WRF451Q/v1-r1/day/tas/v20240806/tas_EUR-12f_CMCC-CM2-SR5_historical_r1i1p1f1_TASK-IMWM_WRF451Q_v1-r1_day_19650101-19651231.nc,inconsistent attributes in DRS: ['domain_id_2'],ajaczewski
/mnt/CORDEX_CMIP6_tmp/sim_data/CORDEX-CMIP6/DD/EUR-12/TASK-IMWM/CMCC-CM2-SR5/historical/r1i1p1f1/WRF451Q/v1-r1/day/tas/v20240806/tas_EUR-12f_CMCC-CM2-SR5_historical_r1i1p1f1_TASK-IMWM_WRF451Q_v1-r1_day_20140101-20141231.nc,inconsistent attributes in DRS: ['domain_id_2'],ajaczewski
/mnt/CORDEX_CMIP6_tmp/sim_data/CORDEX-CMIP6/DD/EUR-12/TASK-IMWM/CMCC-CM2-SR5/historical/r1i1p1f1/WRF451Q/v1-r1/day/tas/v20240806/tas_EUR-12f_CMCC-CM2-SR5_historical_r1i1p1f1_TASK-IMWM_WRF451Q_v1-r1_day_19700101-19701231.nc,inconsistent attributes in DRS: ['domain_id_2'],ajaczewski
/mnt/CORDEX_CMIP6_tmp/sim_data/CORDEX-CMIP6/DD/EUR-12/TASK-IMWM/CMCC-CM2-SR5/historical/r1i1p1f1/WRF451Q/v1-r1/day/tas/v20240806/tas_EUR-12f_CMCC-CM2-SR5_historical_r1i1p1f1_TASK-IMWM_WRF451Q_v1-r1_day_19760101-19761231.nc,inconsistent attributes in DRS: ['domain_id_2'],ajaczewski
/mnt/CORDEX_CMIP6_tmp/sim_data/CORDEX-CMIP6/DD/EUR-12/TASK-IMWM/CMCC-CM2-SR5/historical/r1i1p1f1/WRF451Q/v1-r1/day/tas/v20240806/tas_EUR-12f_CMCC-CM2-SR5_historical_r1i1p1f1_TASK-IMWM_WRF451Q_v1-r1_day_19910101-19911231.nc,inconsistent attributes in DRS: ['domain_id_2'],ajaczewski
/mnt/CORDEX_CMIP6_tmp/sim_data/CORDEX-CMIP6/DD/EUR-12/TASK-IMWM/CMCC-CM2-SR5/historical/r1i1p1f1/WRF451Q/v1-r1/day/tas/v20240806/tas_EUR-12f_CMCC-CM2-SR5_historical_r1i1p1f1_TASK-IMWM_WRF451Q_v1-r1_day_20000101-20001231.nc,inconsistent attributes in DRS: ['domain_id_2'],ajaczewski
/mnt/CORDEX_CMIP6_tmp/sim_data/CORDEX-CMIP6/DD/EUR-12/TASK-IMWM/CMCC-CM2-SR5/historical/r1i1p1f1/WRF451Q/v1-r1/day/tas/v20240806/tas_EUR-12f_CMCC-CM2-SR5_historical_r1i1p1f1_TASK-IMWM_WRF451Q_v1-r1_day_19660101-19661231.nc,inconsistent attributes in DRS: ['domain_id_2'],ajaczewski
/mnt/CORDEX_CMIP6_tmp/sim_data/CORDEX-CMIP6/DD/EUR-12/TASK-IMWM/CMCC-CM2-SR5/historical/r1i1p1f1/WRF451Q/v1-r1/day/tas/v20240806/tas_EUR-12f_CMCC-CM2-SR5_historical_r1i1p1f1_TASK-IMWM_WRF451Q_v1-r1_day_20070101-20071231.nc,inconsistent attributes in DRS: ['domain_id_2'],ajaczewski
/mnt/CORDEX_CMIP6_tmp/sim_data/CORDEX-CMIP6/DD/EUR-12/TASK-IMWM/CMCC-CM2-SR5/historical/r1i1p1f1/WRF451Q/v1-r1/day/tas/v20240806/tas_EUR-12f_CMCC-CM2-SR5_historical_r1i1p1f1_TASK-IMWM_WRF451Q_v1-r1_day_20100101-20101231.nc,inconsistent attributes in DRS: ['domain_id_2'],ajaczewski
/mnt/CORDEX_CMIP6_tmp/sim_data/CORDEX-CMIP6/DD/EUR-12/TASK-IMWM/CMCC-CM2-SR5/historical/r1i1p1f1/WRF451Q/v1-r1/day/tas/v20240806/tas_EUR-12f_CMCC-CM2-SR5_historical_r1i1p1f1_TASK-IMWM_WRF451Q_v1-r1_day_20050101-20051231.nc,inconsistent attributes in DRS: ['domain_id_2'],ajaczewski
/mnt/CORDEX_CMIP6_tmp/sim_data/CORDEX-CMIP6/DD/EUR-12/TASK-IMWM/CMCC-CM2-SR5/historical/r1i1p1f1/WRF451Q/v1-r1/day/tas/v20240806/tas_EUR-12f_CMCC-CM2-SR5_historical_r1i1p1f1_TASK-IMWM_WRF451Q_v1-r1_day_19840101-19841231.nc,inconsistent attributes in DRS: ['domain_id_2'],ajaczewski
/mnt/CORDEX_CMIP6_tmp/sim_data/CORDEX-CMIP6/DD/EUR-12/TASK-IMWM/CMCC-CM2-SR5/historical/r1i1p1f1/WRF451Q/v1-r1/day/tas/v20240806/tas_EUR-12f_CMCC-CM2-SR5_historical_r1i1p1f1_TASK-IMWM_WRF451Q_v1-r1_day_19980101-19981231.nc,inconsistent attributes in DRS: ['domain_id_2'],ajaczewski
/mnt/CORDEX_CMIP6_tmp/sim_data/CORDEX-CMIP6/DD/EUR-12/TASK-IMWM/CMCC-CM2-SR5/historical/r1i1p1f1/WRF451Q/v1-r1/day/tas/v20240806/tas_EUR-12f_CMCC-CM2-SR5_historical_r1i1p1f1_TASK-IMWM_WRF451Q_v1-r1_day_19870101-19871231.nc,inconsistent attributes in DRS: ['domain_id_2'],ajaczewski
/mnt/CORDEX_CMIP6_tmp/sim_data/CORDEX-CMIP6/DD/EUR-12/TASK-IMWM/CMCC-CM2-SR5/historical/r1i1p1f1/WRF451Q/v1-r1/day/tas/v20240806/tas_EUR-12f_CMCC-CM2-SR5_historical_r1i1p1f1_TASK-IMWM_WRF451Q_v1-r1_day_19960101-19961231.nc,inconsistent attributes in DRS: ['domain_id_2'],ajaczewski
/mnt/CORDEX_CMIP6_tmp/sim_data/CORDEX-CMIP6/DD/EUR-12/TASK-IMWM/CMCC-CM2-SR5/historical/r1i1p1f1/WRF451Q/v1-r1/day/tas/v20240806/tas_EUR-12f_CMCC-CM2-SR5_historical_r1i1p1f1_TASK-IMWM_WRF451Q_v1-r1_day_19600101-19601231.nc,inconsistent attributes in DRS: ['domain_id_2'],ajaczewski
/mnt/CORDEX_CMIP6_tmp/sim_data/CORDEX-CMIP6/DD/EUR-12/TASK-IMWM/CMCC-CM2-SR5/historical/r1i1p1f1/WRF451Q/v1-r1/day/tas/v20240806/tas_EUR-12f_CMCC-CM2-SR5_historical_r1i1p1f1_TASK-IMWM_WRF451Q_v1-r1_day_19620101-19621231.nc,inconsistent attributes in DRS: ['domain_id_2'],ajaczewski
/mnt/CORDEX_CMIP6_tmp/sim_data/CORDEX-CMIP6/DD/EUR-12/TASK-IMWM/CMCC-CM2-SR5/historical/r1i1p1f1/WRF451Q/v1-r1/day/tas/v20240806/tas_EUR-12f_CMCC-CM2-SR5_historical_r1i1p1f1_TASK-IMWM_WRF451Q_v1-r1_day_19930101-19931231.nc,inconsistent attributes in DRS: ['domain_id_2'],ajaczewski
/mnt/CORDEX_CMIP6_tmp/sim_data/CORDEX-CMIP6/DD/EUR-12/TASK-IMWM/CMCC-CM2-SR5/historical/r1i1p1f1/WRF451Q/v1-r1/day/tas/v20240806/tas_EUR-12f_CMCC-CM2-SR5_historical_r1i1p1f1_TASK-IMWM_WRF451Q_v1-r1_day_19900101-19901231.nc,inconsistent attributes in DRS: ['domain_id_2'],ajaczewski
/mnt/CORDEX_CMIP6_tmp/sim_data/CORDEX-CMIP6/DD/EUR-12/TASK-IMWM/CMCC-CM2-SR5/historical/r1i1p1f1/WRF451Q/v1-r1/day/tas/v20240806/tas_EUR-12f_CMCC-CM2-SR5_historical_r1i1p1f1_TASK-IMWM_WRF451Q_v1-r1_day_19570101-19571231.nc,inconsistent attributes in DRS: ['domain_id_2'],ajaczewski
/mnt/CORDEX_CMIP6_tmp/sim_data/CORDEX-CMIP6/DD/EUR-12/TASK-IMWM/CMCC-CM2-SR5/historical/r1i1p1f1/WRF451Q/v1-r1/day/tas/v20240806/tas_EUR-12f_CMCC-CM2-SR5_historical_r1i1p1f1_TASK-IMWM_WRF451Q_v1-r1_day_19920101-19921231.nc,inconsistent attributes in DRS: ['domain_id_2'],ajaczewski
/mnt/CORDEX_CMIP6_tmp/sim_data/CORDEX-CMIP6/DD/EUR-12/TASK-IMWM/CMCC-CM2-SR5/historical/r1i1p1f1/WRF451Q/v1-r1/day/tas/v20240806/tas_EUR-12f_CMCC-CM2-SR5_historical_r1i1p1f1_TASK-IMWM_WRF451Q_v1-r1_day_19780101-19781231.nc,inconsistent attributes in DRS: ['domain_id_2'],ajaczewski
/mnt/CORDEX_CMIP6_tmp/sim_data/CORDEX-CMIP6/DD/EUR-12/TASK-IMWM/CMCC-CM2-SR5/historical/r1i1p1f1/WRF451Q/v1-r1/day/tas/v20240806/tas_EUR-12f_CMCC-CM2-SR5_historical_r1i1p1f1_TASK-IMWM_WRF451Q_v1-r1_day_20020101-20021231.nc,inconsistent attributes in DRS: ['domain_id_2'],ajaczewski
/mnt/CORDEX_CMIP6_tmp/sim_data/CORDEX-CMIP6/DD/EUR-12/TASK-IMWM/CMCC-CM2-SR5/historical/r1i1p1f1/WRF451Q/v1-r1/day/tas/v20240806/tas_EUR-12f_CMCC-CM2-SR5_historical_r1i1p1f1_TASK-IMWM_WRF451Q_v1-r1_day_19970101-19971231.nc,inconsistent attributes in DRS: ['domain_id_2'],ajaczewski
/mnt/CORDEX_CMIP6_tmp/sim_data/CORDEX-CMIP6/DD/EUR-12/TASK-IMWM/CMCC-CM2-SR5/historical/r1i1p1f1/WRF451Q/v1-r1/day/tas/v20240806/tas_EUR-12f_CMCC-CM2-SR5_historical_r1i1p1f1_TASK-IMWM_WRF451Q_v1-r1_day_20060101-20061231.nc,inconsistent attributes in DRS: ['domain_id_2'],ajaczewski
/mnt/CORDEX_CMIP6_tmp/sim_data/CORDEX-CMIP6/DD/EUR-12/TASK-IMWM/CMCC-CM2-SR5/historical/r1i1p1f1/WRF451Q/v1-r1/day/tas/v20240806/tas_EUR-12f_CMCC-CM2-SR5_historical_r1i1p1f1_TASK-IMWM_WRF451Q_v1-r1_day_19530101-19531231.nc,inconsistent attributes in DRS: ['domain_id_2'],ajaczewski
/mnt/CORDEX_CMIP6_tmp/sim_data/CORDEX-CMIP6/DD/EUR-12/TASK-IMWM/CMCC-CM2-SR5/historical/r1i1p1f1/WRF451Q/v1-r1/day/tas/v20240806/tas_EUR-12f_CMCC-CM2-SR5_historical_r1i1p1f1_TASK-IMWM_WRF451Q_v1-r1_day_20120101-20121231.nc,inconsistent attributes in DRS: ['domain_id_2'],ajaczewski
/mnt/CORDEX_CMIP6_tmp/sim_data/CORDEX-CMIP6/DD/EUR-12/TASK-IMWM/CMCC-CM2-SR5/historical/r1i1p1f1/WRF451Q/v1-r1/day/sfcWind/v20240806/sfcWind_EUR-12f_CMCC-CM2-SR5_historical_r1i1p1f1_TASK-IMWM_WRF451Q_v1-r1_day_19960101-20001231.nc,inconsistent attributes in DRS: ['domain_id_2'],ajaczewski
/mnt/CORDEX_CMIP6_tmp/sim_data/CORDEX-CMIP6/DD/EUR-12/TASK-IMWM/CMCC-CM2-SR5/historical/r1i1p1f1/WRF451Q/v1-r1/day/sfcWind/v20240806/sfcWind_EUR-12f_CMCC-CM2-SR5_historical_r1i1p1f1_TASK-IMWM_WRF451Q_v1-r1_day_19510101-19551231.nc,inconsistent attributes in DRS: ['domain_id_2'],ajaczewski
/mnt/CORDEX_CMIP6_tmp/sim_data/CORDEX-CMIP6/DD/EUR-12/TASK-IMWM/CMCC-CM2-SR5/historical/r1i1p1f1/WRF451Q/v1-r1/day/sfcWind/v20240806/sfcWind_EUR-12f_CMCC-CM2-SR5_historical_r1i1p1f1_TASK-IMWM_WRF451Q_v1-r1_day_19610101-19651231.nc,inconsistent attributes in DRS: ['domain_id_2'],ajaczewski
/mnt/CORDEX_CMIP6_tmp/sim_data/CORDEX-CMIP6/DD/EUR-12/TASK-IMWM/CMCC-CM2-SR5/historical/r1i1p1f1/WRF451Q/v1-r1/day/sfcWind/v20240806/sfcWind_EUR-12f_CMCC-CM2-SR5_historical_r1i1p1f1_TASK-IMWM_WRF451Q_v1-r1_day_19910101-19951231.nc,inconsistent attributes in DRS: ['domain_id_2'],ajaczewski
/mnt/CORDEX_CMIP6_tmp/sim_data/CORDEX-CMIP6/DD/EUR-12/TASK-IMWM/CMCC-CM2-SR5/historical/r1i1p1f1/WRF451Q/v1-r1/day/sfcWind/v20240806/sfcWind_EUR-12f_CMCC-CM2-SR5_historical_r1i1p1f1_TASK-IMWM_WRF451Q_v1-r1_day_20060101-20101231.nc,inconsistent attributes in DRS: ['domain_id_2'],ajaczewski
/mnt/CORDEX_CMIP6_tmp/sim_data/CORDEX-CMIP6/DD/EUR-12/TASK-IMWM/CMCC-CM2-SR5/historical/r1i1p1f1/WRF451Q/v1-r1/day/sfcWind/v20240806/sfcWind_EUR-12f_CMCC-CM2-SR5_historical_r1i1p1f1_TASK-IMWM_WRF451Q_v1-r1_day_19810101-19851231.nc,inconsistent attributes in DRS: ['domain_id_2'],ajaczewski
/mnt/CORDEX_CMIP6_tmp/sim_data/CORDEX-CMIP6/DD/EUR-12/TASK-IMWM/CMCC-CM2-SR5/historical/r1i1p1f1/WRF451Q/v1-r1/day/sfcWind/v20240806/sfcWind_EUR-12f_CMCC-CM2-SR5_historical_r1i1p1f1_TASK-IMWM_WRF451Q_v1-r1_day_19760101-19801231.nc,inconsistent attributes in DRS: ['domain_id_2'],ajaczewski
/mnt/CORDEX_CMIP6_tmp/sim_data/CORDEX-CMIP6/DD/EUR-12/TASK-IMWM/CMCC-CM2-SR5/historical/r1i1p1f1/WRF451Q/v1-r1/day/sfcWind/v20240806/sfcWind_EUR-12f_CMCC-CM2-SR5_historical_r1i1p1f1_TASK-IMWM_WRF451Q_v1-r1_day_19710101-19751231.nc,inconsistent attributes in DRS: ['domain_id_2'],ajaczewski
/mnt/CORDEX_CMIP6_tmp/sim_data/CORDEX-CMIP6/DD/EUR-12/TASK-IMWM/CMCC-CM2-SR5/historical/r1i1p1f1/WRF451Q/v1-r1/day/sfcWind/v20240806/sfcWind_EUR-12f_CMCC-CM2-SR5_historical_r1i1p1f1_TASK-IMWM_WRF451Q_v1-r1_day_19660101-19701231.nc,inconsistent attributes in DRS: ['domain_id_2'],ajaczewski
/mnt/CORDEX_CMIP6_tmp/sim_data/CORDEX-CMIP6/DD/EUR-12/TASK-IMWM/CMCC-CM2-SR5/historical/r1i1p1f1/WRF451Q/v1-r1/day/sfcWind/v20240806/sfcWind_EUR-12f_CMCC-CM2-SR5_historical_r1i1p1f1_TASK-IMWM_WRF451Q_v1-r1_day_19560101-19601231.nc,inconsistent attributes in DRS: ['domain_id_2'],ajaczewski
/mnt/CORDEX_CMIP6_tmp/sim_data/CORDEX-CMIP6/DD/EUR-12/TASK-IMWM/CMCC-CM2-SR5/historical/r1i1p1f1/WRF451Q/v1-r1/day/sfcWind/v20240806/sfcWind_EUR-12f_CMCC-CM2-SR5_historical_r1i1p1f1_TASK-IMWM_WRF451Q_v1-r1_day_19860101-19901231.nc,inconsistent attributes in DRS: ['domain_id_2'],ajaczewski
/mnt/CORDEX_CMIP6_tmp/sim_data/CORDEX-CMIP6/DD/EUR-12/TASK-IMWM/CMCC-CM2-SR5/historical/r1i1p1f1/WRF451Q/v1-r1/day/sfcWind/v20240806/sfcWind_EUR-12f_CMCC-CM2-SR5_historical_r1i1p1f1_TASK-IMWM_WRF451Q_v1-r1_day_20110101-20141231.nc,inconsistent attributes in DRS: ['domain_id_2'],ajaczewski
/mnt/CORDEX_CMIP6_tmp/sim_data/CORDEX-CMIP6/DD/EUR-12/TASK-IMWM/CMCC-CM2-SR5/historical/r1i1p1f1/WRF451Q/v1-r1/day/sfcWind/v20240806/sfcWind_EUR-12f_CMCC-CM2-SR5_historical_r1i1p1f1_TASK-IMWM_WRF451Q_v1-r1_day_20010101-20051231.nc,inconsistent attributes in DRS: ['domain_id_2'],ajaczewski
/mnt/CORDEX_CMIP6_tmp/sim_data/CORDEX-CMIP6/DD/EUR-12/TASK-IMWM/CMCC-CM2-SR5/historical/r1i1p1f1/WRF451Q/v1-r1/day/rsds/v20240806/rsds_EUR-12f_CMCC-CM2-SR5_historical_r1i1p1f1_TASK-IMWM_WRF451Q_v1-r1_day_19560101-19601231.nc,inconsistent attributes in DRS: ['domain_id_2'],ajaczewski
/mnt/CORDEX_CMIP6_tmp/sim_data/CORDEX-CMIP6/DD/EUR-12/TASK-IMWM/CMCC-CM2-SR5/historical/r1i1p1f1/WRF451Q/v1-r1/day/rsds/v20240806/rsds_EUR-12f_CMCC-CM2-SR5_historical_r1i1p1f1_TASK-IMWM_WRF451Q_v1-r1_day_19510101-19551231.nc,inconsistent attributes in DRS: ['domain_id_2'],ajaczewski
/mnt/CORDEX_CMIP6_tmp/sim_data/CORDEX-CMIP6/DD/EUR-12/TASK-IMWM/CMCC-CM2-SR5/historical/r1i1p1f1/WRF451Q/v1-r1/day/rsds/v20240806/rsds_EUR-12f_CMCC-CM2-SR5_historical_r1i1p1f1_TASK-IMWM_WRF451Q_v1-r1_day_20060101-20101231.nc,inconsistent attributes in DRS: ['domain_id_2'],ajaczewski
/mnt/CORDEX_CMIP6_tmp/sim_data/CORDEX-CMIP6/DD/EUR-12/TASK-IMWM/CMCC-CM2-SR5/historical/r1i1p1f1/WRF451Q/v1-r1/day/rsds/v20240806/rsds_EUR-12f_CMCC-CM2-SR5_historical_r1i1p1f1_TASK-IMWM_WRF451Q_v1-r1_day_19760101-19801231.nc,inconsistent attributes in DRS: ['domain_id_2'],ajaczewski
/mnt/CORDEX_CMIP6_tmp/sim_data/CORDEX-CMIP6/DD/EUR-12/TASK-IMWM/CMCC-CM2-SR5/historical/r1i1p1f1/WRF451Q/v1-r1/day/rsds/v20240806/rsds_EUR-12f_CMCC-CM2-SR5_historical_r1i1p1f1_TASK-IMWM_WRF451Q_v1-r1_day_20010101-20051231.nc,inconsistent attributes in DRS: ['domain_id_2'],ajaczewski
/mnt/CORDEX_CMIP6_tmp/sim_data/CORDEX-CMIP6/DD/EUR-12/TASK-IMWM/CMCC-CM2-SR5/historical/r1i1p1f1/WRF451Q/v1-r1/day/rsds/v20240806/rsds_EUR-12f_CMCC-CM2-SR5_historical_r1i1p1f1_TASK-IMWM_WRF451Q_v1-r1_day_19610101-19651231.nc,inconsistent attributes in DRS: ['domain_id_2'],ajaczewski
/mnt/CORDEX_CMIP6_tmp/sim_data/CORDEX-CMIP6/DD/EUR-12/TASK-IMWM/CMCC-CM2-SR5/historical/r1i1p1f1/WRF451Q/v1-r1/day/rsds/v20240806/rsds_EUR-12f_CMCC-CM2-SR5_historical_r1i1p1f1_TASK-IMWM_WRF451Q_v1-r1_day_19910101-19951231.nc,inconsistent attributes in DRS: ['domain_id_2'],ajaczewski
/mnt/CORDEX_CMIP6_tmp/sim_data/CORDEX-CMIP6/DD/EUR-12/TASK-IMWM/CMCC-CM2-SR5/historical/r1i1p1f1/WRF451Q/v1-r1/day/rsds/v20240806/rsds_EUR-12f_CMCC-CM2-SR5_historical_r1i1p1f1_TASK-IMWM_WRF451Q_v1-r1_day_19710101-19751231.nc,inconsistent attributes in DRS: ['domain_id_2'],ajaczewski
/mnt/CORDEX_CMIP6_tmp/sim_data/CORDEX-CMIP6/DD/EUR-12/TASK-IMWM/CMCC-CM2-SR5/historical/r1i1p1f1/WRF451Q/v1-r1/day/rsds/v20240806/rsds_EUR-12f_CMCC-CM2-SR5_historical_r1i1p1f1_TASK-IMWM_WRF451Q_v1-r1_day_20110101-20141231.nc,inconsistent attributes in DRS: ['domain_id_2'],ajaczewski
/mnt/CORDEX_CMIP6_tmp/sim_data/CORDEX-CMIP6/DD/EUR-12/TASK-IMWM/CMCC-CM2-SR5/historical/r1i1p1f1/WRF451Q/v1-r1/day/rsds/v20240806/rsds_EUR-12f_CMCC-CM2-SR5_historical_r1i1p1f1_TASK-IMWM_WRF451Q_v1-r1_day_19960101-20001231.nc,inconsistent attributes in DRS: ['domain_id_2'],ajaczewski
/mnt/CORDEX_CMIP6_tmp/sim_data/CORDEX-CMIP6/DD/EUR-12/TASK-IMWM/CMCC-CM2-SR5/historical/r1i1p1f1/WRF451Q/v1-r1/day/rsds/v20240806/rsds_EUR-12f_CMCC-CM2-SR5_historical_r1i1p1f1_TASK-IMWM_WRF451Q_v1-r1_day_19810101-19851231.nc,inconsistent attributes in DRS: ['domain_id_2'],ajaczewski
/mnt/CORDEX_CMIP6_tmp/sim_data/CORDEX-CMIP6/DD/EUR-12/TASK-IMWM/CMCC-CM2-SR5/historical/r1i1p1f1/WRF451Q/v1-r1/day/rsds/v20240806/rsds_EUR-12f_CMCC-CM2-SR5_historical_r1i1p1f1_TASK-IMWM_WRF451Q_v1-r1_day_19860101-19901231.nc,inconsistent attributes in DRS: ['domain_id_2'],ajaczewski
/mnt/CORDEX_CMIP6_tmp/sim_data/CORDEX-CMIP6/DD/EUR-12/TASK-IMWM/CMCC-CM2-SR5/historical/r1i1p1f1/WRF451Q/v1-r1/day/rsds/v20240806/rsds_EUR-12f_CMCC-CM2-SR5_historical_r1i1p1f1_TASK-IMWM_WRF451Q_v1-r1_day_19660101-19701231.nc,inconsistent attributes in DRS: ['domain_id_2'],ajaczewski
/mnt/CORDEX_CMIP6_tmp/sim_data/CORDEX-CMIP6/DD/EUR-12/TASK-IMWM/CMCC-CM2-SR5/historical/r1i1p1f1/WRF451Q/v1-r1/day/uas/v20240806/uas_EUR-12f_CMCC-CM2-SR5_historical_r1i1p1f1_TASK-IMWM_WRF451Q_v1-r1_day_19510101-19551231.nc,inconsistent attributes in DRS: ['domain_id_2'],ajaczewski
/mnt/CORDEX_CMIP6_tmp/sim_data/CORDEX-CMIP6/DD/EUR-12/TASK-IMWM/CMCC-CM2-SR5/historical/r1i1p1f1/WRF451Q/v1-r1/day/uas/v20240806/uas_EUR-12f_CMCC-CM2-SR5_historical_r1i1p1f1_TASK-IMWM_WRF451Q_v1-r1_day_19660101-19701231.nc,inconsistent attributes in DRS: ['domain_id_2'],ajaczewski
/mnt/CORDEX_CMIP6_tmp/sim_data/CORDEX-CMIP6/DD/EUR-12/TASK-IMWM/CMCC-CM2-SR5/historical/r1i1p1f1/WRF451Q/v1-r1/day/uas/v20240806/uas_EUR-12f_CMCC-CM2-SR5_historical_r1i1p1f1_TASK-IMWM_WRF451Q_v1-r1_day_20060101-20101231.nc,inconsistent attributes in DRS: ['domain_id_2'],ajaczewski
/mnt/CORDEX_CMIP6_tmp/sim_data/CORDEX-CMIP6/DD/EUR-12/TASK-IMWM/CMCC-CM2-SR5/historical/r1i1p1f1/WRF451Q/v1-r1/day/uas/v20240806/uas_EUR-12f_CMCC-CM2-SR5_historical_r1i1p1f1_TASK-IMWM_WRF451Q_v1-r1_day_19760101-19801231.nc,inconsistent attributes in DRS: ['domain_id_2'],ajaczewski
/mnt/CORDEX_CMIP6_tmp/sim_data/CORDEX-CMIP6/DD/EUR-12/TASK-IMWM/CMCC-CM2-SR5/historical/r1i1p1f1/WRF451Q/v1-r1/day/uas/v20240806/uas_EUR-12f_CMCC-CM2-SR5_historical_r1i1p1f1_TASK-IMWM_WRF451Q_v1-r1_day_19710101-19751231.nc,inconsistent attributes in DRS: ['domain_id_2'],ajaczewski
/mnt/CORDEX_CMIP6_tmp/sim_data/CORDEX-CMIP6/DD/EUR-12/TASK-IMWM/CMCC-CM2-SR5/historical/r1i1p1f1/WRF451Q/v1-r1/day/uas/v20240806/uas_EUR-12f_CMCC-CM2-SR5_historical_r1i1p1f1_TASK-IMWM_WRF451Q_v1-r1_day_19910101-19951231.nc,inconsistent attributes in DRS: ['domain_id_2'],ajaczewski
/mnt/CORDEX_CMIP6_tmp/sim_data/CORDEX-CMIP6/DD/EUR-12/TASK-IMWM/CMCC-CM2-SR5/historical/r1i1p1f1/WRF451Q/v1-r1/day/uas/v20240806/uas_EUR-12f_CMCC-CM2-SR5_historical_r1i1p1f1_TASK-IMWM_WRF451Q_v1-r1_day_19960101-20001231.nc,inconsistent attributes in DRS: ['domain_id_2'],ajaczewski
/mnt/CORDEX_CMIP6_tmp/sim_data/CORDEX-CMIP6/DD/EUR-12/TASK-IMWM/CMCC-CM2-SR5/historical/r1i1p1f1/WRF451Q/v1-r1/day/uas/v20240806/uas_EUR-12f_CMCC-CM2-SR5_historical_r1i1p1f1_TASK-IMWM_WRF451Q_v1-r1_day_19810101-19851231.nc,inconsistent attributes in DRS: ['domain_id_2'],ajaczewski
/mnt/CORDEX_CMIP6_tmp/sim_data/CORDEX-CMIP6/DD/EUR-12/TASK-IMWM/CMCC-CM2-SR5/historical/r1i1p1f1/WRF451Q/v1-r1/day/uas/v20240806/uas_EUR-12f_CMCC-CM2-SR5_historical_r1i1p1f1_TASK-IMWM_WRF451Q_v1-r1_day_20110101-20141231.nc,inconsistent attributes in DRS: ['domain_id_2'],ajaczewski
/mnt/CORDEX_CMIP6_tmp/sim_data/CORDEX-CMIP6/DD/EUR-12/TASK-IMWM/CMCC-CM2-SR5/historical/r1i1p1f1/WRF451Q/v1-r1/day/uas/v20240806/uas_EUR-12f_CMCC-CM2-SR5_historical_r1i1p1f1_TASK-IMWM_WRF451Q_v1-r1_day_19560101-19601231.nc,inconsistent attributes in DRS: ['domain_id_2'],ajaczewski
/mnt/CORDEX_CMIP6_tmp/sim_data/CORDEX-CMIP6/DD/EUR-12/TASK-IMWM/CMCC-CM2-SR5/historical/r1i1p1f1/WRF451Q/v1-r1/day/uas/v20240806/uas_EUR-12f_CMCC-CM2-SR5_historical_r1i1p1f1_TASK-IMWM_WRF451Q_v1-r1_day_19860101-19901231.nc,inconsistent attributes in DRS: ['domain_id_2'],ajaczewski
/mnt/CORDEX_CMIP6_tmp/sim_data/CORDEX-CMIP6/DD/EUR-12/TASK-IMWM/CMCC-CM2-SR5/historical/r1i1p1f1/WRF451Q/v1-r1/day/uas/v20240806/uas_EUR-12f_CMCC-CM2-SR5_historical_r1i1p1f1_TASK-IMWM_WRF451Q_v1-r1_day_19610101-19651231.nc,inconsistent attributes in DRS: ['domain_id_2'],ajaczewski
/mnt/CORDEX_CMIP6_tmp/sim_data/CORDEX-CMIP6/DD/EUR-12/TASK-IMWM/CMCC-CM2-SR5/historical/r1i1p1f1/WRF451Q/v1-r1/day/uas/v20240806/uas_EUR-12f_CMCC-CM2-SR5_historical_r1i1p1f1_TASK-IMWM_WRF451Q_v1-r1_day_20010101-20051231.nc,inconsistent attributes in DRS: ['domain_id_2'],ajaczewski
/mnt/CORDEX_CMIP6_tmp/sim_data/CORDEX-CMIP6/DD/EUR-12/TASK-IMWM/CMCC-CM2-SR5/historical/r1i1p1f1/WRF451Q/v1-r1/day/clt/v20240806/clt_EUR-12f_CMCC-CM2-SR5_historical_r1i1p1f1_TASK-IMWM_WRF451Q_v1-r1_day_20010101-20051231.nc,inconsistent attributes in DRS: ['domain_id_2'],ajaczewski
/mnt/CORDEX_CMIP6_tmp/sim_data/CORDEX-CMIP6/DD/EUR-12/TASK-IMWM/CMCC-CM2-SR5/historical/r1i1p1f1/WRF451Q/v1-r1/day/clt/v20240806/clt_EUR-12f_CMCC-CM2-SR5_historical_r1i1p1f1_TASK-IMWM_WRF451Q_v1-r1_day_20060101-20101231.nc,inconsistent attributes in DRS: ['domain_id_2'],ajaczewski
/mnt/CORDEX_CMIP6_tmp/sim_data/CORDEX-CMIP6/DD/EUR-12/TASK-IMWM/CMCC-CM2-SR5/historical/r1i1p1f1/WRF451Q/v1-r1/day/clt/v20240806/clt_EUR-12f_CMCC-CM2-SR5_historical_r1i1p1f1_TASK-IMWM_WRF451Q_v1-r1_day_19660101-19701231.nc,inconsistent attributes in DRS: ['domain_id_2'],ajaczewski
/mnt/CORDEX_CMIP6_tmp/sim_data/CORDEX-CMIP6/DD/EUR-12/TASK-IMWM/CMCC-CM2-SR5/historical/r1i1p1f1/WRF451Q/v1-r1/day/clt/v20240806/clt_EUR-12f_CMCC-CM2-SR5_historical_r1i1p1f1_TASK-IMWM_WRF451Q_v1-r1_day_19760101-19801231.nc,inconsistent attributes in DRS: ['domain_id_2'],ajaczewski
/mnt/CORDEX_CMIP6_tmp/sim_data/CORDEX-CMIP6/DD/EUR-12/TASK-IMWM/CMCC-CM2-SR5/historical/r1i1p1f1/WRF451Q/v1-r1/day/clt/v20240806/clt_EUR-12f_CMCC-CM2-SR5_historical_r1i1p1f1_TASK-IMWM_WRF451Q_v1-r1_day_19910101-19951231.nc,inconsistent attributes in DRS: ['domain_id_2'],ajaczewski
/mnt/CORDEX_CMIP6_tmp/sim_data/CORDEX-CMIP6/DD/EUR-12/TASK-IMWM/CMCC-CM2-SR5/historical/r1i1p1f1/WRF451Q/v1-r1/day/clt/v20240806/clt_EUR-12f_CMCC-CM2-SR5_historical_r1i1p1f1_TASK-IMWM_WRF451Q_v1-r1_day_19810101-19851231.nc,inconsistent attributes in DRS: ['domain_id_2'],ajaczewski
/mnt/CORDEX_CMIP6_tmp/sim_data/CORDEX-CMIP6/DD/EUR-12/TASK-IMWM/CMCC-CM2-SR5/historical/r1i1p1f1/WRF451Q/v1-r1/day/clt/v20240806/clt_EUR-12f_CMCC-CM2-SR5_historical_r1i1p1f1_TASK-IMWM_WRF451Q_v1-r1_day_19960101-20001231.nc,inconsistent attributes in DRS: ['domain_id_2'],ajaczewski
/mnt/CORDEX_CMIP6_tmp/sim_data/CORDEX-CMIP6/DD/EUR-12/TASK-IMWM/CMCC-CM2-SR5/historical/r1i1p1f1/WRF451Q/v1-r1/day/clt/v20240806/clt_EUR-12f_CMCC-CM2-SR5_historical_r1i1p1f1_TASK-IMWM_WRF451Q_v1-r1_day_19610101-19651231.nc,inconsistent attributes in DRS: ['domain_id_2'],ajaczewski
/mnt/CORDEX_CMIP6_tmp/sim_data/CORDEX-CMIP6/DD/EUR-12/TASK-IMWM/CMCC-CM2-SR5/historical/r1i1p1f1/WRF451Q/v1-r1/day/clt/v20240806/clt_EUR-12f_CMCC-CM2-SR5_historical_r1i1p1f1_TASK-IMWM_WRF451Q_v1-r1_day_19710101-19751231.nc,inconsistent attributes in DRS: ['domain_id_2'],ajaczewski
/mnt/CORDEX_CMIP6_tmp/sim_data/CORDEX-CMIP6/DD/EUR-12/TASK-IMWM/CMCC-CM2-SR5/historical/r1i1p1f1/WRF451Q/v1-r1/day/clt/v20240806/clt_EUR-12f_CMCC-CM2-SR5_historical_r1i1p1f1_TASK-IMWM_WRF451Q_v1-r1_day_20110101-20141231.nc,inconsistent attributes in DRS: ['domain_id_2'],ajaczewski
/mnt/CORDEX_CMIP6_tmp/sim_data/CORDEX-CMIP6/DD/EUR-12/TASK-IMWM/CMCC-CM2-SR5/historical/r1i1p1f1/WRF451Q/v1-r1/day/clt/v20240806/clt_EUR-12f_CMCC-CM2-SR5_historical_r1i1p1f1_TASK-IMWM_WRF451Q_v1-r1_day_19860101-19901231.nc,inconsistent attributes in DRS: ['domain_id_2'],ajaczewski
/mnt/CORDEX_CMIP6_tmp/sim_data/CORDEX-CMIP6/DD/EUR-12/TASK-IMWM/CMCC-CM2-SR5/historical/r1i1p1f1/WRF451Q/v1-r1/day/clt/v20240806/clt_EUR-12f_CMCC-CM2-SR5_historical_r1i1p1f1_TASK-IMWM_WRF451Q_v1-r1_day_19560101-19601231.nc,inconsistent attributes in DRS: ['domain_id_2'],ajaczewski
/mnt/CORDEX_CMIP6_tmp/sim_data/CORDEX-CMIP6/DD/EUR-12/TASK-IMWM/CMCC-CM2-SR5/historical/r1i1p1f1/WRF451Q/v1-r1/day/clt/v20240806/clt_EUR-12f_CMCC-CM2-SR5_historical_r1i1p1f1_TASK-IMWM_WRF451Q_v1-r1_day_19510101-19551231.nc,inconsistent attributes in DRS: ['domain_id_2'],ajaczewski
/mnt/CORDEX_CMIP6_tmp/sim_data/CORDEX-CMIP6/DD/EUR-12/TASK-IMWM/CMCC-CM2-SR5/historical/r1i1p1f1/WRF451Q/v1-r1/day/sfcWindmax/v20240806/sfcWindmax_EUR-12f_CMCC-CM2-SR5_historical_r1i1p1f1_TASK-IMWM_WRF451Q_v1-r1_day_19810101-19851231.nc,inconsistent attributes in DRS: ['domain_id_2'],ajaczewski
/mnt/CORDEX_CMIP6_tmp/sim_data/CORDEX-CMIP6/DD/EUR-12/TASK-IMWM/CMCC-CM2-SR5/historical/r1i1p1f1/WRF451Q/v1-r1/day/sfcWindmax/v20240806/sfcWindmax_EUR-12f_CMCC-CM2-SR5_historical_r1i1p1f1_TASK-IMWM_WRF451Q_v1-r1_day_20010101-20051231.nc,inconsistent attributes in DRS: ['domain_id_2'],ajaczewski
/mnt/CORDEX_CMIP6_tmp/sim_data/CORDEX-CMIP6/DD/EUR-12/TASK-IMWM/CMCC-CM2-SR5/historical/r1i1p1f1/WRF451Q/v1-r1/day/sfcWindmax/v20240806/sfcWindmax_EUR-12f_CMCC-CM2-SR5_historical_r1i1p1f1_TASK-IMWM_WRF451Q_v1-r1_day_19910101-19951231.nc,inconsistent attributes in DRS: ['domain_id_2'],ajaczewski
/mnt/CORDEX_CMIP6_tmp/sim_data/CORDEX-CMIP6/DD/EUR-12/TASK-IMWM/CMCC-CM2-SR5/historical/r1i1p1f1/WRF451Q/v1-r1/day/sfcWindmax/v20240806/sfcWindmax_EUR-12f_CMCC-CM2-SR5_historical_r1i1p1f1_TASK-IMWM_WRF451Q_v1-r1_day_19660101-19701231.nc,inconsistent attributes in DRS: ['domain_id_2'],ajaczewski
/mnt/CORDEX_CMIP6_tmp/sim_data/CORDEX-CMIP6/DD/EUR-12/TASK-IMWM/CMCC-CM2-SR5/historical/r1i1p1f1/WRF451Q/v1-r1/day/sfcWindmax/v20240806/sfcWindmax_EUR-12f_CMCC-CM2-SR5_historical_r1i1p1f1_TASK-IMWM_WRF451Q_v1-r1_day_20110101-20141231.nc,inconsistent attributes in DRS: ['domain_id_2'],ajaczewski
/mnt/CORDEX_CMIP6_tmp/sim_data/CORDEX-CMIP6/DD/EUR-12/TASK-IMWM/CMCC-CM2-SR5/historical/r1i1p1f1/WRF451Q/v1-r1/day/sfcWindmax/v20240806/sfcWindmax_EUR-12f_CMCC-CM2-SR5_historical_r1i1p1f1_TASK-IMWM_WRF451Q_v1-r1_day_19610101-19651231.nc,inconsistent attributes in DRS: ['domain_id_2'],ajaczewski
/mnt/CORDEX_CMIP6_tmp/sim_data/CORDEX-CMIP6/DD/EUR-12/TASK-IMWM/CMCC-CM2-SR5/historical/r1i1p1f1/WRF451Q/v1-r1/day/sfcWindmax/v20240806/sfcWindmax_EUR-12f_CMCC-CM2-SR5_historical_r1i1p1f1_TASK-IMWM_WRF451Q_v1-r1_day_19710101-19751231.nc,inconsistent attributes in DRS: ['domain_id_2'],ajaczewski
/mnt/CORDEX_CMIP6_tmp/sim_data/CORDEX-CMIP6/DD/EUR-12/TASK-IMWM/CMCC-CM2-SR5/historical/r1i1p1f1/WRF451Q/v1-r1/day/sfcWindmax/v20240806/sfcWindmax_EUR-12f_CMCC-CM2-SR5_historical_r1i1p1f1_TASK-IMWM_WRF451Q_v1-r1_day_19960101-20001231.nc,inconsistent attributes in DRS: ['domain_id_2'],ajaczewski
/mnt/CORDEX_CMIP6_tmp/sim_data/CORDEX-CMIP6/DD/EUR-12/TASK-IMWM/CMCC-CM2-SR5/historical/r1i1p1f1/WRF451Q/v1-r1/day/sfcWindmax/v20240806/sfcWindmax_EUR-12f_CMCC-CM2-SR5_historical_r1i1p1f1_TASK-IMWM_WRF451Q_v1-r1_day_19760101-19801231.nc,inconsistent attributes in DRS: ['domain_id_2'],ajaczewski
/mnt/CORDEX_CMIP6_tmp/sim_data/CORDEX-CMIP6/DD/EUR-12/TASK-IMWM/CMCC-CM2-SR5/historical/r1i1p1f1/WRF451Q/v1-r1/day/sfcWindmax/v20240806/sfcWindmax_EUR-12f_CMCC-CM2-SR5_historical_r1i1p1f1_TASK-IMWM_WRF451Q_v1-r1_day_19560101-19601231.nc,inconsistent attributes in DRS: ['domain_id_2'],ajaczewski
/mnt/CORDEX_CMIP6_tmp/sim_data/CORDEX-CMIP6/DD/EUR-12/TASK-IMWM/CMCC-CM2-SR5/historical/r1i1p1f1/WRF451Q/v1-r1/day/sfcWindmax/v20240806/sfcWindmax_EUR-12f_CMCC-CM2-SR5_historical_r1i1p1f1_TASK-IMWM_WRF451Q_v1-r1_day_19860101-19901231.nc,inconsistent attributes in DRS: ['domain_id_2'],ajaczewski
/mnt/CORDEX_CMIP6_tmp/sim_data/CORDEX-CMIP6/DD/EUR-12/TASK-IMWM/CMCC-CM2-SR5/historical/r1i1p1f1/WRF451Q/v1-r1/day/sfcWindmax/v20240806/sfcWindmax_EUR-12f_CMCC-CM2-SR5_historical_r1i1p1f1_TASK-IMWM_WRF451Q_v1-r1_day_20060101-20101231.nc,inconsistent attributes in DRS: ['domain_id_2'],ajaczewski
/mnt/CORDEX_CMIP6_tmp/sim_data/CORDEX-CMIP6/DD/EUR-12/TASK-IMWM/CMCC-CM2-SR5/historical/r1i1p1f1/WRF451Q/v1-r1/day/sfcWindmax/v20240806/sfcWindmax_EUR-12f_CMCC-CM2-SR5_historical_r1i1p1f1_TASK-IMWM_WRF451Q_v1-r1_day_19510101-19551231.nc,inconsistent attributes in DRS: ['domain_id_2'],ajaczewski
/mnt/CORDEX_CMIP6_tmp/sim_data/CORDEX-CMIP6/DD/EUR-12/TASK-IMWM/CMCC-CM2-SR5/historical/r1i1p1f1/WRF451Q/v1-r1/day/tasmin/v20240806/tasmin_EUR-12f_CMCC-CM2-SR5_historical_r1i1p1f1_TASK-IMWM_WRF451Q_v1-r1_day_19680101-19681231.nc,inconsistent attributes in DRS: ['domain_id_2'],ajaczewski
/mnt/CORDEX_CMIP6_tmp/sim_data/CORDEX-CMIP6/DD/EUR-12/TASK-IMWM/CMCC-CM2-SR5/historical/r1i1p1f1/WRF451Q/v1-r1/day/tasmin/v20240806/tasmin_EUR-12f_CMCC-CM2-SR5_historical_r1i1p1f1_TASK-IMWM_WRF451Q_v1-r1_day_19930101-19931231.nc,inconsistent attributes in DRS: ['domain_id_2'],ajaczewski
/mnt/CORDEX_CMIP6_tmp/sim_data/CORDEX-CMIP6/DD/EUR-12/TASK-IMWM/CMCC-CM2-SR5/historical/r1i1p1f1/WRF451Q/v1-r1/day/tasmin/v20240806/tasmin_EUR-12f_CMCC-CM2-SR5_historical_r1i1p1f1_TASK-IMWM_WRF451Q_v1-r1_day_20140101-20141231.nc,inconsistent attributes in DRS: ['domain_id_2'],ajaczewski
/mnt/CORDEX_CMIP6_tmp/sim_data/CORDEX-CMIP6/DD/EUR-12/TASK-IMWM/CMCC-CM2-SR5/historical/r1i1p1f1/WRF451Q/v1-r1/day/tasmin/v20240806/tasmin_EUR-12f_CMCC-CM2-SR5_historical_r1i1p1f1_TASK-IMWM_WRF451Q_v1-r1_day_20040101-20041231.nc,inconsistent attributes in DRS: ['domain_id_2'],ajaczewski
/mnt/CORDEX_CMIP6_tmp/sim_data/CORDEX-CMIP6/DD/EUR-12/TASK-IMWM/CMCC-CM2-SR5/historical/r1i1p1f1/WRF451Q/v1-r1/day/tasmin/v20240806/tasmin_EUR-12f_CMCC-CM2-SR5_historical_r1i1p1f1_TASK-IMWM_WRF451Q_v1-r1_day_19620101-19621231.nc,inconsistent attributes in DRS: ['domain_id_2'],ajaczewski
/mnt/CORDEX_CMIP6_tmp/sim_data/CORDEX-CMIP6/DD/EUR-12/TASK-IMWM/CMCC-CM2-SR5/historical/r1i1p1f1/WRF451Q/v1-r1/day/tasmin/v20240806/tasmin_EUR-12f_CMCC-CM2-SR5_historical_r1i1p1f1_TASK-IMWM_WRF451Q_v1-r1_day_19970101-19971231.nc,inconsistent attributes in DRS: ['domain_id_2'],ajaczewski
/mnt/CORDEX_CMIP6_tmp/sim_data/CORDEX-CMIP6/DD/EUR-12/TASK-IMWM/CMCC-CM2-SR5/historical/r1i1p1f1/WRF451Q/v1-r1/day/tasmin/v20240806/tasmin_EUR-12f_CMCC-CM2-SR5_historical_r1i1p1f1_TASK-IMWM_WRF451Q_v1-r1_day_19800101-19801231.nc,inconsistent attributes in DRS: ['domain_id_2'],ajaczewski
/mnt/CORDEX_CMIP6_tmp/sim_data/CORDEX-CMIP6/DD/EUR-12/TASK-IMWM/CMCC-CM2-SR5/historical/r1i1p1f1/WRF451Q/v1-r1/day/tasmin/v20240806/tasmin_EUR-12f_CMCC-CM2-SR5_historical_r1i1p1f1_TASK-IMWM_WRF451Q_v1-r1_day_19660101-19661231.nc,inconsistent attributes in DRS: ['domain_id_2'],ajaczewski
/mnt/CORDEX_CMIP6_tmp/sim_data/CORDEX-CMIP6/DD/EUR-12/TASK-IMWM/CMCC-CM2-SR5/historical/r1i1p1f1/WRF451Q/v1-r1/day/tasmin/v20240806/tasmin_EUR-12f_CMCC-CM2-SR5_historical_r1i1p1f1_TASK-IMWM_WRF451Q_v1-r1_day_19690101-19691231.nc,inconsistent attributes in DRS: ['domain_id_2'],ajaczewski
/mnt/CORDEX_CMIP6_tmp/sim_data/CORDEX-CMIP6/DD/EUR-12/TASK-IMWM/CMCC-CM2-SR5/historical/r1i1p1f1/WRF451Q/v1-r1/day/tasmin/v20240806/tasmin_EUR-12f_CMCC-CM2-SR5_historical_r1i1p1f1_TASK-IMWM_WRF451Q_v1-r1_day_19750101-19751231.nc,inconsistent attributes in DRS: ['domain_id_2'],ajaczewski
/mnt/CORDEX_CMIP6_tmp/sim_data/CORDEX-CMIP6/DD/EUR-12/TASK-IMWM/CMCC-CM2-SR5/historical/r1i1p1f1/WRF451Q/v1-r1/day/tasmin/v20240806/tasmin_EUR-12f_CMCC-CM2-SR5_historical_r1i1p1f1_TASK-IMWM_WRF451Q_v1-r1_day_19510101-19511231.nc,inconsistent attributes in DRS: ['domain_id_2'],ajaczewski
/mnt/CORDEX_CMIP6_tmp/sim_data/CORDEX-CMIP6/DD/EUR-12/TASK-IMWM/CMCC-CM2-SR5/historical/r1i1p1f1/WRF451Q/v1-r1/day/tasmin/v20240806/tasmin_EUR-12f_CMCC-CM2-SR5_historical_r1i1p1f1_TASK-IMWM_WRF451Q_v1-r1_day_19850101-19851231.nc,inconsistent attributes in DRS: ['domain_id_2'],ajaczewski
/mnt/CORDEX_CMIP6_tmp/sim_data/CORDEX-CMIP6/DD/EUR-12/TASK-IMWM/CMCC-CM2-SR5/historical/r1i1p1f1/WRF451Q/v1-r1/day/tasmin/v20240806/tasmin_EUR-12f_CMCC-CM2-SR5_historical_r1i1p1f1_TASK-IMWM_WRF451Q_v1-r1_day_19540101-19541231.nc,inconsistent attributes in DRS: ['domain_id_2'],ajaczewski
/mnt/CORDEX_CMIP6_tmp/sim_data/CORDEX-CMIP6/DD/EUR-12/TASK-IMWM/CMCC-CM2-SR5/historical/r1i1p1f1/WRF451Q/v1-r1/day/tasmin/v20240806/tasmin_EUR-12f_CMCC-CM2-SR5_historical_r1i1p1f1_TASK-IMWM_WRF451Q_v1-r1_day_20090101-20091231.nc,inconsistent attributes in DRS: ['domain_id_2'],ajaczewski
/mnt/CORDEX_CMIP6_tmp/sim_data/CORDEX-CMIP6/DD/EUR-12/TASK-IMWM/CMCC-CM2-SR5/historical/r1i1p1f1/WRF451Q/v1-r1/day/tasmin/v20240806/tasmin_EUR-12f_CMCC-CM2-SR5_historical_r1i1p1f1_TASK-IMWM_WRF451Q_v1-r1_day_19670101-19671231.nc,inconsistent attributes in DRS: ['domain_id_2'],ajaczewski
/mnt/CORDEX_CMIP6_tmp/sim_data/CORDEX-CMIP6/DD/EUR-12/TASK-IMWM/CMCC-CM2-SR5/historical/r1i1p1f1/WRF451Q/v1-r1/day/tasmin/v20240806/tasmin_EUR-12f_CMCC-CM2-SR5_historical_r1i1p1f1_TASK-IMWM_WRF451Q_v1-r1_day_19920101-19921231.nc,inconsistent attributes in DRS: ['domain_id_2'],ajaczewski
/mnt/CORDEX_CMIP6_tmp/sim_data/CORDEX-CMIP6/DD/EUR-12/TASK-IMWM/CMCC-CM2-SR5/historical/r1i1p1f1/WRF451Q/v1-r1/day/tasmin/v20240806/tasmin_EUR-12f_CMCC-CM2-SR5_historical_r1i1p1f1_TASK-IMWM_WRF451Q_v1-r1_day_19880101-19881231.nc,inconsistent attributes in DRS: ['domain_id_2'],ajaczewski
/mnt/CORDEX_CMIP6_tmp/sim_data/CORDEX-CMIP6/DD/EUR-12/TASK-IMWM/CMCC-CM2-SR5/historical/r1i1p1f1/WRF451Q/v1-r1/day/tasmin/v20240806/tasmin_EUR-12f_CMCC-CM2-SR5_historical_r1i1p1f1_TASK-IMWM_WRF451Q_v1-r1_day_20060101-20061231.nc,inconsistent attributes in DRS: ['domain_id_2'],ajaczewski
/mnt/CORDEX_CMIP6_tmp/sim_data/CORDEX-CMIP6/DD/EUR-12/TASK-IMWM/CMCC-CM2-SR5/historical/r1i1p1f1/WRF451Q/v1-r1/day/tasmin/v20240806/tasmin_EUR-12f_CMCC-CM2-SR5_historical_r1i1p1f1_TASK-IMWM_WRF451Q_v1-r1_day_19770101-19771231.nc,inconsistent attributes in DRS: ['domain_id_2'],ajaczewski
/mnt/CORDEX_CMIP6_tmp/sim_data/CORDEX-CMIP6/DD/EUR-12/TASK-IMWM/CMCC-CM2-SR5/historical/r1i1p1f1/WRF451Q/v1-r1/day/tasmin/v20240806/tasmin_EUR-12f_CMCC-CM2-SR5_historical_r1i1p1f1_TASK-IMWM_WRF451Q_v1-r1_day_20130101-20131231.nc,inconsistent attributes in DRS: ['domain_id_2'],ajaczewski
/mnt/CORDEX_CMIP6_tmp/sim_data/CORDEX-CMIP6/DD/EUR-12/TASK-IMWM/CMCC-CM2-SR5/historical/r1i1p1f1/WRF451Q/v1-r1/day/tasmin/v20240806/tasmin_EUR-12f_CMCC-CM2-SR5_historical_r1i1p1f1_TASK-IMWM_WRF451Q_v1-r1_day_19900101-19901231.nc,inconsistent attributes in DRS: ['domain_id_2'],ajaczewski
/mnt/CORDEX_CMIP6_tmp/sim_data/CORDEX-CMIP6/DD/EUR-12/TASK-IMWM/CMCC-CM2-SR5/historical/r1i1p1f1/WRF451Q/v1-r1/day/tasmin/v20240806/tasmin_EUR-12f_CMCC-CM2-SR5_historical_r1i1p1f1_TASK-IMWM_WRF451Q_v1-r1_day_19570101-19571231.nc,inconsistent attributes in DRS: ['domain_id_2'],ajaczewski
/mnt/CORDEX_CMIP6_tmp/sim_data/CORDEX-CMIP6/DD/EUR-12/TASK-IMWM/CMCC-CM2-SR5/historical/r1i1p1f1/WRF451Q/v1-r1/day/tasmin/v20240806/tasmin_EUR-12f_CMCC-CM2-SR5_historical_r1i1p1f1_TASK-IMWM_WRF451Q_v1-r1_day_19790101-19791231.nc,inconsistent attributes in DRS: ['domain_id_2'],ajaczewski
/mnt/CORDEX_CMIP6_tmp/sim_data/CORDEX-CMIP6/DD/EUR-12/TASK-IMWM/CMCC-CM2-SR5/historical/r1i1p1f1/WRF451Q/v1-r1/day/tasmin/v20240806/tasmin_EUR-12f_CMCC-CM2-SR5_historical_r1i1p1f1_TASK-IMWM_WRF451Q_v1-r1_day_19580101-19581231.nc,inconsistent attributes in DRS: ['domain_id_2'],ajaczewski
/mnt/CORDEX_CMIP6_tmp/sim_data/CORDEX-CMIP6/DD/EUR-12/TASK-IMWM/CMCC-CM2-SR5/historical/r1i1p1f1/WRF451Q/v1-r1/day/tasmin/v20240806/tasmin_EUR-12f_CMCC-CM2-SR5_historical_r1i1p1f1_TASK-IMWM_WRF451Q_v1-r1_day_19610101-19611231.nc,inconsistent attributes in DRS: ['domain_id_2'],ajaczewski
/mnt/CORDEX_CMIP6_tmp/sim_data/CORDEX-CMIP6/DD/EUR-12/TASK-IMWM/CMCC-CM2-SR5/historical/r1i1p1f1/WRF451Q/v1-r1/day/tasmin/v20240806/tasmin_EUR-12f_CMCC-CM2-SR5_historical_r1i1p1f1_TASK-IMWM_WRF451Q_v1-r1_day_19910101-19911231.nc,inconsistent attributes in DRS: ['domain_id_2'],ajaczewski
/mnt/CORDEX_CMIP6_tmp/sim_data/CORDEX-CMIP6/DD/EUR-12/TASK-IMWM/CMCC-CM2-SR5/historical/r1i1p1f1/WRF451Q/v1-r1/day/tasmin/v20240806/tasmin_EUR-12f_CMCC-CM2-SR5_historical_r1i1p1f1_TASK-IMWM_WRF451Q_v1-r1_day_19760101-19761231.nc,inconsistent attributes in DRS: ['domain_id_2'],ajaczewski
/mnt/CORDEX_CMIP6_tmp/sim_data/CORDEX-CMIP6/DD/EUR-12/TASK-IMWM/CMCC-CM2-SR5/historical/r1i1p1f1/WRF451Q/v1-r1/day/tasmin/v20240806/tasmin_EUR-12f_CMCC-CM2-SR5_historical_r1i1p1f1_TASK-IMWM_WRF451Q_v1-r1_day_19820101-19821231.nc,inconsistent attributes in DRS: ['domain_id_2'],ajaczewski
/mnt/CORDEX_CMIP6_tmp/sim_data/CORDEX-CMIP6/DD/EUR-12/TASK-IMWM/CMCC-CM2-SR5/historical/r1i1p1f1/WRF451Q/v1-r1/day/tasmin/v20240806/tasmin_EUR-12f_CMCC-CM2-SR5_historical_r1i1p1f1_TASK-IMWM_WRF451Q_v1-r1_day_19530101-19531231.nc,inconsistent attributes in DRS: ['domain_id_2'],ajaczewski
/mnt/CORDEX_CMIP6_tmp/sim_data/CORDEX-CMIP6/DD/EUR-12/TASK-IMWM/CMCC-CM2-SR5/historical/r1i1p1f1/WRF451Q/v1-r1/day/tasmin/v20240806/tasmin_EUR-12f_CMCC-CM2-SR5_historical_r1i1p1f1_TASK-IMWM_WRF451Q_v1-r1_day_20110101-20111231.nc,inconsistent attributes in DRS: ['domain_id_2'],ajaczewski
/mnt/CORDEX_CMIP6_tmp/sim_data/CORDEX-CMIP6/DD/EUR-12/TASK-IMWM/CMCC-CM2-SR5/historical/r1i1p1f1/WRF451Q/v1-r1/day/tasmin/v20240806/tasmin_EUR-12f_CMCC-CM2-SR5_historical_r1i1p1f1_TASK-IMWM_WRF451Q_v1-r1_day_19960101-19961231.nc,inconsistent attributes in DRS: ['domain_id_2'],ajaczewski
/mnt/CORDEX_CMIP6_tmp/sim_data/CORDEX-CMIP6/DD/EUR-12/TASK-IMWM/CMCC-CM2-SR5/historical/r1i1p1f1/WRF451Q/v1-r1/day/tasmin/v20240806/tasmin_EUR-12f_CMCC-CM2-SR5_historical_r1i1p1f1_TASK-IMWM_WRF451Q_v1-r1_day_19640101-19641231.nc,inconsistent attributes in DRS: ['domain_id_2'],ajaczewski
/mnt/CORDEX_CMIP6_tmp/sim_data/CORDEX-CMIP6/DD/EUR-12/TASK-IMWM/CMCC-CM2-SR5/historical/r1i1p1f1/WRF451Q/v1-r1/day/tasmin/v20240806/tasmin_EUR-12f_CMCC-CM2-SR5_historical_r1i1p1f1_TASK-IMWM_WRF451Q_v1-r1_day_19630101-19631231.nc,inconsistent attributes in DRS: ['domain_id_2'],ajaczewski
/mnt/CORDEX_CMIP6_tmp/sim_data/CORDEX-CMIP6/DD/EUR-12/TASK-IMWM/CMCC-CM2-SR5/historical/r1i1p1f1/WRF451Q/v1-r1/day/tasmin/v20240806/tasmin_EUR-12f_CMCC-CM2-SR5_historical_r1i1p1f1_TASK-IMWM_WRF451Q_v1-r1_day_19730101-19731231.nc,inconsistent attributes in DRS: ['domain_id_2'],ajaczewski
/mnt/CORDEX_CMIP6_tmp/sim_data/CORDEX-CMIP6/DD/EUR-12/TASK-IMWM/CMCC-CM2-SR5/historical/r1i1p1f1/WRF451Q/v1-r1/day/tasmin/v20240806/tasmin_EUR-12f_CMCC-CM2-SR5_historical_r1i1p1f1_TASK-IMWM_WRF451Q_v1-r1_day_20020101-20021231.nc,inconsistent attributes in DRS: ['domain_id_2'],ajaczewski
/mnt/CORDEX_CMIP6_tmp/sim_data/CORDEX-CMIP6/DD/EUR-12/TASK-IMWM/CMCC-CM2-SR5/historical/r1i1p1f1/WRF451Q/v1-r1/day/tasmin/v20240806/tasmin_EUR-12f_CMCC-CM2-SR5_historical_r1i1p1f1_TASK-IMWM_WRF451Q_v1-r1_day_19830101-19831231.nc,inconsistent attributes in DRS: ['domain_id_2'],ajaczewski
/mnt/CORDEX_CMIP6_tmp/sim_data/CORDEX-CMIP6/DD/EUR-12/TASK-IMWM/CMCC-CM2-SR5/historical/r1i1p1f1/WRF451Q/v1-r1/day/tasmin/v20240806/tasmin_EUR-12f_CMCC-CM2-SR5_historical_r1i1p1f1_TASK-IMWM_WRF451Q_v1-r1_day_19860101-19861231.nc,inconsistent attributes in DRS: ['domain_id_2'],ajaczewski
/mnt/CORDEX_CMIP6_tmp/sim_data/CORDEX-CMIP6/DD/EUR-12/TASK-IMWM/CMCC-CM2-SR5/historical/r1i1p1f1/WRF451Q/v1-r1/day/tasmin/v20240806/tasmin_EUR-12f_CMCC-CM2-SR5_historical_r1i1p1f1_TASK-IMWM_WRF451Q_v1-r1_day_19720101-19721231.nc,inconsistent attributes in DRS: ['domain_id_2'],ajaczewski
/mnt/CORDEX_CMIP6_tmp/sim_data/CORDEX-CMIP6/DD/EUR-12/TASK-IMWM/CMCC-CM2-SR5/historical/r1i1p1f1/WRF451Q/v1-r1/day/tasmin/v20240806/tasmin_EUR-12f_CMCC-CM2-SR5_historical_r1i1p1f1_TASK-IMWM_WRF451Q_v1-r1_day_20000101-20001231.nc,inconsistent attributes in DRS: ['domain_id_2'],ajaczewski
/mnt/CORDEX_CMIP6_tmp/sim_data/CORDEX-CMIP6/DD/EUR-12/TASK-IMWM/CMCC-CM2-SR5/historical/r1i1p1f1/WRF451Q/v1-r1/day/tasmin/v20240806/tasmin_EUR-12f_CMCC-CM2-SR5_historical_r1i1p1f1_TASK-IMWM_WRF451Q_v1-r1_day_20070101-20071231.nc,inconsistent attributes in DRS: ['domain_id_2'],ajaczewski
/mnt/CORDEX_CMIP6_tmp/sim_data/CORDEX-CMIP6/DD/EUR-12/TASK-IMWM/CMCC-CM2-SR5/historical/r1i1p1f1/WRF451Q/v1-r1/day/tasmin/v20240806/tasmin_EUR-12f_CMCC-CM2-SR5_historical_r1i1p1f1_TASK-IMWM_WRF451Q_v1-r1_day_19950101-19951231.nc,inconsistent attributes in DRS: ['domain_id_2'],ajaczewski
/mnt/CORDEX_CMIP6_tmp/sim_data/CORDEX-CMIP6/DD/EUR-12/TASK-IMWM/CMCC-CM2-SR5/historical/r1i1p1f1/WRF451Q/v1-r1/day/tasmin/v20240806/tasmin_EUR-12f_CMCC-CM2-SR5_historical_r1i1p1f1_TASK-IMWM_WRF451Q_v1-r1_day_19840101-19841231.nc,inconsistent attributes in DRS: ['domain_id_2'],ajaczewski
/mnt/CORDEX_CMIP6_tmp/sim_data/CORDEX-CMIP6/DD/EUR-12/TASK-IMWM/CMCC-CM2-SR5/historical/r1i1p1f1/WRF451Q/v1-r1/day/tasmin/v20240806/tasmin_EUR-12f_CMCC-CM2-SR5_historical_r1i1p1f1_TASK-IMWM_WRF451Q_v1-r1_day_20030101-20031231.nc,inconsistent attributes in DRS: ['domain_id_2'],ajaczewski
/mnt/CORDEX_CMIP6_tmp/sim_data/CORDEX-CMIP6/DD/EUR-12/TASK-IMWM/CMCC-CM2-SR5/historical/r1i1p1f1/WRF451Q/v1-r1/day/tasmin/v20240806/tasmin_EUR-12f_CMCC-CM2-SR5_historical_r1i1p1f1_TASK-IMWM_WRF451Q_v1-r1_day_19700101-19701231.nc,inconsistent attributes in DRS: ['domain_id_2'],ajaczewski
/mnt/CORDEX_CMIP6_tmp/sim_data/CORDEX-CMIP6/DD/EUR-12/TASK-IMWM/CMCC-CM2-SR5/historical/r1i1p1f1/WRF451Q/v1-r1/day/tasmin/v20240806/tasmin_EUR-12f_CMCC-CM2-SR5_historical_r1i1p1f1_TASK-IMWM_WRF451Q_v1-r1_day_19710101-19711231.nc,inconsistent attributes in DRS: ['domain_id_2'],ajaczewski
/mnt/CORDEX_CMIP6_tmp/sim_data/CORDEX-CMIP6/DD/EUR-12/TASK-IMWM/CMCC-CM2-SR5/historical/r1i1p1f1/WRF451Q/v1-r1/day/tasmin/v20240806/tasmin_EUR-12f_CMCC-CM2-SR5_historical_r1i1p1f1_TASK-IMWM_WRF451Q_v1-r1_day_19890101-19891231.nc,inconsistent attributes in DRS: ['domain_id_2'],ajaczewski
/mnt/CORDEX_CMIP6_tmp/sim_data/CORDEX-CMIP6/DD/EUR-12/TASK-IMWM/CMCC-CM2-SR5/historical/r1i1p1f1/WRF451Q/v1-r1/day/tasmin/v20240806/tasmin_EUR-12f_CMCC-CM2-SR5_historical_r1i1p1f1_TASK-IMWM_WRF451Q_v1-r1_day_19870101-19871231.nc,inconsistent attributes in DRS: ['domain_id_2'],ajaczewski
/mnt/CORDEX_CMIP6_tmp/sim_data/CORDEX-CMIP6/DD/EUR-12/TASK-IMWM/CMCC-CM2-SR5/historical/r1i1p1f1/WRF451Q/v1-r1/day/tasmin/v20240806/tasmin_EUR-12f_CMCC-CM2-SR5_historical_r1i1p1f1_TASK-IMWM_WRF451Q_v1-r1_day_19990101-19991231.nc,inconsistent attributes in DRS: ['domain_id_2'],ajaczewski
/mnt/CORDEX_CMIP6_tmp/sim_data/CORDEX-CMIP6/DD/EUR-12/TASK-IMWM/CMCC-CM2-SR5/historical/r1i1p1f1/WRF451Q/v1-r1/day/tasmin/v20240806/tasmin_EUR-12f_CMCC-CM2-SR5_historical_r1i1p1f1_TASK-IMWM_WRF451Q_v1-r1_day_20100101-20101231.nc,inconsistent attributes in DRS: ['domain_id_2'],ajaczewski
/mnt/CORDEX_CMIP6_tmp/sim_data/CORDEX-CMIP6/DD/EUR-12/TASK-IMWM/CMCC-CM2-SR5/historical/r1i1p1f1/WRF451Q/v1-r1/day/tasmin/v20240806/tasmin_EUR-12f_CMCC-CM2-SR5_historical_r1i1p1f1_TASK-IMWM_WRF451Q_v1-r1_day_19520101-19521231.nc,inconsistent attributes in DRS: ['domain_id_2'],ajaczewski
/mnt/CORDEX_CMIP6_tmp/sim_data/CORDEX-CMIP6/DD/EUR-12/TASK-IMWM/CMCC-CM2-SR5/historical/r1i1p1f1/WRF451Q/v1-r1/day/tasmin/v20240806/tasmin_EUR-12f_CMCC-CM2-SR5_historical_r1i1p1f1_TASK-IMWM_WRF451Q_v1-r1_day_19590101-19591231.nc,inconsistent attributes in DRS: ['domain_id_2'],ajaczewski
/mnt/CORDEX_CMIP6_tmp/sim_data/CORDEX-CMIP6/DD/EUR-12/TASK-IMWM/CMCC-CM2-SR5/historical/r1i1p1f1/WRF451Q/v1-r1/day/tasmin/v20240806/tasmin_EUR-12f_CMCC-CM2-SR5_historical_r1i1p1f1_TASK-IMWM_WRF451Q_v1-r1_day_20050101-20051231.nc,inconsistent attributes in DRS: ['domain_id_2'],ajaczewski
/mnt/CORDEX_CMIP6_tmp/sim_data/CORDEX-CMIP6/DD/EUR-12/TASK-IMWM/CMCC-CM2-SR5/historical/r1i1p1f1/WRF451Q/v1-r1/day/tasmin/v20240806/tasmin_EUR-12f_CMCC-CM2-SR5_historical_r1i1p1f1_TASK-IMWM_WRF451Q_v1-r1_day_19600101-19601231.nc,inconsistent attributes in DRS: ['domain_id_2'],ajaczewski
/mnt/CORDEX_CMIP6_tmp/sim_data/CORDEX-CMIP6/DD/EUR-12/TASK-IMWM/CMCC-CM2-SR5/historical/r1i1p1f1/WRF451Q/v1-r1/day/tasmin/v20240806/tasmin_EUR-12f_CMCC-CM2-SR5_historical_r1i1p1f1_TASK-IMWM_WRF451Q_v1-r1_day_20080101-20081231.nc,inconsistent attributes in DRS: ['domain_id_2'],ajaczewski
/mnt/CORDEX_CMIP6_tmp/sim_data/CORDEX-CMIP6/DD/EUR-12/TASK-IMWM/CMCC-CM2-SR5/historical/r1i1p1f1/WRF451Q/v1-r1/day/tasmin/v20240806/tasmin_EUR-12f_CMCC-CM2-SR5_historical_r1i1p1f1_TASK-IMWM_WRF451Q_v1-r1_day_19650101-19651231.nc,inconsistent attributes in DRS: ['domain_id_2'],ajaczewski
/mnt/CORDEX_CMIP6_tmp/sim_data/CORDEX-CMIP6/DD/EUR-12/TASK-IMWM/CMCC-CM2-SR5/historical/r1i1p1f1/WRF451Q/v1-r1/day/tasmin/v20240806/tasmin_EUR-12f_CMCC-CM2-SR5_historical_r1i1p1f1_TASK-IMWM_WRF451Q_v1-r1_day_19550101-19551231.nc,inconsistent attributes in DRS: ['domain_id_2'],ajaczewski
/mnt/CORDEX_CMIP6_tmp/sim_data/CORDEX-CMIP6/DD/EUR-12/TASK-IMWM/CMCC-CM2-SR5/historical/r1i1p1f1/WRF451Q/v1-r1/day/tasmin/v20240806/tasmin_EUR-12f_CMCC-CM2-SR5_historical_r1i1p1f1_TASK-IMWM_WRF451Q_v1-r1_day_19740101-19741231.nc,inconsistent attributes in DRS: ['domain_id_2'],ajaczewski
/mnt/CORDEX_CMIP6_tmp/sim_data/CORDEX-CMIP6/DD/EUR-12/TASK-IMWM/CMCC-CM2-SR5/historical/r1i1p1f1/WRF451Q/v1-r1/day/tasmin/v20240806/tasmin_EUR-12f_CMCC-CM2-SR5_historical_r1i1p1f1_TASK-IMWM_WRF451Q_v1-r1_day_20010101-20011231.nc,inconsistent attributes in DRS: ['domain_id_2'],ajaczewski
/mnt/CORDEX_CMIP6_tmp/sim_data/CORDEX-CMIP6/DD/EUR-12/TASK-IMWM/CMCC-CM2-SR5/historical/r1i1p1f1/WRF451Q/v1-r1/day/tasmin/v20240806/tasmin_EUR-12f_CMCC-CM2-SR5_historical_r1i1p1f1_TASK-IMWM_WRF451Q_v1-r1_day_19940101-19941231.nc,inconsistent attributes in DRS: ['domain_id_2'],ajaczewski
/mnt/CORDEX_CMIP6_tmp/sim_data/CORDEX-CMIP6/DD/EUR-12/TASK-IMWM/CMCC-CM2-SR5/historical/r1i1p1f1/WRF451Q/v1-r1/day/tasmin/v20240806/tasmin_EUR-12f_CMCC-CM2-SR5_historical_r1i1p1f1_TASK-IMWM_WRF451Q_v1-r1_day_19560101-19561231.nc,inconsistent attributes in DRS: ['domain_id_2'],ajaczewski
/mnt/CORDEX_CMIP6_tmp/sim_data/CORDEX-CMIP6/DD/EUR-12/TASK-IMWM/CMCC-CM2-SR5/historical/r1i1p1f1/WRF451Q/v1-r1/day/tasmin/v20240806/tasmin_EUR-12f_CMCC-CM2-SR5_historical_r1i1p1f1_TASK-IMWM_WRF451Q_v1-r1_day_20120101-20121231.nc,inconsistent attributes in DRS: ['domain_id_2'],ajaczewski
/mnt/CORDEX_CMIP6_tmp/sim_data/CORDEX-CMIP6/DD/EUR-12/TASK-IMWM/CMCC-CM2-SR5/historical/r1i1p1f1/WRF451Q/v1-r1/day/tasmin/v20240806/tasmin_EUR-12f_CMCC-CM2-SR5_historical_r1i1p1f1_TASK-IMWM_WRF451Q_v1-r1_day_19810101-19811231.nc,inconsistent attributes in DRS: ['domain_id_2'],ajaczewski
/mnt/CORDEX_CMIP6_tmp/sim_data/CORDEX-CMIP6/DD/EUR-12/TASK-IMWM/CMCC-CM2-SR5/historical/r1i1p1f1/WRF451Q/v1-r1/day/tasmin/v20240806/tasmin_EUR-12f_CMCC-CM2-SR5_historical_r1i1p1f1_TASK-IMWM_WRF451Q_v1-r1_day_19980101-19981231.nc,inconsistent attributes in DRS: ['domain_id_2'],ajaczewski
/mnt/CORDEX_CMIP6_tmp/sim_data/CORDEX-CMIP6/DD/EUR-12/TASK-IMWM/CMCC-CM2-SR5/historical/r1i1p1f1/WRF451Q/v1-r1/day/tasmin/v20240806/tasmin_EUR-12f_CMCC-CM2-SR5_historical_r1i1p1f1_TASK-IMWM_WRF451Q_v1-r1_day_19780101-19781231.nc,inconsistent attributes in DRS: ['domain_id_2'],ajaczewski
/mnt/CORDEX_CMIP6_tmp/sim_data/CORDEX-CMIP6/DD/EUR-12/TASK-IMWM/CMCC-CM2-SR5/historical/r1i1p1f1/WRF451Q/v1-r1/day/evspsbl/v20240806/evspsbl_EUR-12f_CMCC-CM2-SR5_historical_r1i1p1f1_TASK-IMWM_WRF451Q_v1-r1_day_19610101-19651231.nc,inconsistent attributes in DRS: ['domain_id_2'],ajaczewski
/mnt/CORDEX_CMIP6_tmp/sim_data/CORDEX-CMIP6/DD/EUR-12/TASK-IMWM/CMCC-CM2-SR5/historical/r1i1p1f1/WRF451Q/v1-r1/day/evspsbl/v20240806/evspsbl_EUR-12f_CMCC-CM2-SR5_historical_r1i1p1f1_TASK-IMWM_WRF451Q_v1-r1_day_19560101-19601231.nc,inconsistent attributes in DRS: ['domain_id_2'],ajaczewski
/mnt/CORDEX_CMIP6_tmp/sim_data/CORDEX-CMIP6/DD/EUR-12/TASK-IMWM/CMCC-CM2-SR5/historical/r1i1p1f1/WRF451Q/v1-r1/day/evspsbl/v20240806/evspsbl_EUR-12f_CMCC-CM2-SR5_historical_r1i1p1f1_TASK-IMWM_WRF451Q_v1-r1_day_20010101-20051231.nc,inconsistent attributes in DRS: ['domain_id_2'],ajaczewski
/mnt/CORDEX_CMIP6_tmp/sim_data/CORDEX-CMIP6/DD/EUR-12/TASK-IMWM/CMCC-CM2-SR5/historical/r1i1p1f1/WRF451Q/v1-r1/day/evspsbl/v20240806/evspsbl_EUR-12f_CMCC-CM2-SR5_historical_r1i1p1f1_TASK-IMWM_WRF451Q_v1-r1_day_19710101-19751231.nc,inconsistent attributes in DRS: ['domain_id_2'],ajaczewski
/mnt/CORDEX_CMIP6_tmp/sim_data/CORDEX-CMIP6/DD/EUR-12/TASK-IMWM/CMCC-CM2-SR5/historical/r1i1p1f1/WRF451Q/v1-r1/day/evspsbl/v20240806/evspsbl_EUR-12f_CMCC-CM2-SR5_historical_r1i1p1f1_TASK-IMWM_WRF451Q_v1-r1_day_19910101-19951231.nc,inconsistent attributes in DRS: ['domain_id_2'],ajaczewski
/mnt/CORDEX_CMIP6_tmp/sim_data/CORDEX-CMIP6/DD/EUR-12/TASK-IMWM/CMCC-CM2-SR5/historical/r1i1p1f1/WRF451Q/v1-r1/day/evspsbl/v20240806/evspsbl_EUR-12f_CMCC-CM2-SR5_historical_r1i1p1f1_TASK-IMWM_WRF451Q_v1-r1_day_19960101-20001231.nc,inconsistent attributes in DRS: ['domain_id_2'],ajaczewski
/mnt/CORDEX_CMIP6_tmp/sim_data/CORDEX-CMIP6/DD/EUR-12/TASK-IMWM/CMCC-CM2-SR5/historical/r1i1p1f1/WRF451Q/v1-r1/day/evspsbl/v20240806/evspsbl_EUR-12f_CMCC-CM2-SR5_historical_r1i1p1f1_TASK-IMWM_WRF451Q_v1-r1_day_19660101-19701231.nc,inconsistent attributes in DRS: ['domain_id_2'],ajaczewski
/mnt/CORDEX_CMIP6_tmp/sim_data/CORDEX-CMIP6/DD/EUR-12/TASK-IMWM/CMCC-CM2-SR5/historical/r1i1p1f1/WRF451Q/v1-r1/day/evspsbl/v20240806/evspsbl_EUR-12f_CMCC-CM2-SR5_historical_r1i1p1f1_TASK-IMWM_WRF451Q_v1-r1_day_19860101-19901231.nc,inconsistent attributes in DRS: ['domain_id_2'],ajaczewski
/mnt/CORDEX_CMIP6_tmp/sim_data/CORDEX-CMIP6/DD/EUR-12/TASK-IMWM/CMCC-CM2-SR5/historical/r1i1p1f1/WRF451Q/v1-r1/day/evspsbl/v20240806/evspsbl_EUR-12f_CMCC-CM2-SR5_historical_r1i1p1f1_TASK-IMWM_WRF451Q_v1-r1_day_20060101-20101231.nc,inconsistent attributes in DRS: ['domain_id_2'],ajaczewski
/mnt/CORDEX_CMIP6_tmp/sim_data/CORDEX-CMIP6/DD/EUR-12/TASK-IMWM/CMCC-CM2-SR5/historical/r1i1p1f1/WRF451Q/v1-r1/day/evspsbl/v20240806/evspsbl_EUR-12f_CMCC-CM2-SR5_historical_r1i1p1f1_TASK-IMWM_WRF451Q_v1-r1_day_19760101-19801231.nc,inconsistent attributes in DRS: ['domain_id_2'],ajaczewski
/mnt/CORDEX_CMIP6_tmp/sim_data/CORDEX-CMIP6/DD/EUR-12/TASK-IMWM/CMCC-CM2-SR5/historical/r1i1p1f1/WRF451Q/v1-r1/day/evspsbl/v20240806/evspsbl_EUR-12f_CMCC-CM2-SR5_historical_r1i1p1f1_TASK-IMWM_WRF451Q_v1-r1_day_19510101-19551231.nc,inconsistent attributes in DRS: ['domain_id_2'],ajaczewski
/mnt/CORDEX_CMIP6_tmp/sim_data/CORDEX-CMIP6/DD/EUR-12/TASK-IMWM/CMCC-CM2-SR5/historical/r1i1p1f1/WRF451Q/v1-r1/day/evspsbl/v20240806/evspsbl_EUR-12f_CMCC-CM2-SR5_historical_r1i1p1f1_TASK-IMWM_WRF451Q_v1-r1_day_19810101-19851231.nc,inconsistent attributes in DRS: ['domain_id_2'],ajaczewski
/mnt/CORDEX_CMIP6_tmp/sim_data/CORDEX-CMIP6/DD/EUR-12/TASK-IMWM/CMCC-CM2-SR5/historical/r1i1p1f1/WRF451Q/v1-r1/day/evspsbl/v20240806/evspsbl_EUR-12f_CMCC-CM2-SR5_historical_r1i1p1f1_TASK-IMWM_WRF451Q_v1-r1_day_20110101-20141231.nc,inconsistent attributes in DRS: ['domain_id_2'],ajaczewski
/mnt/CORDEX_CMIP6_tmp/sim_data/CORDEX-CMIP6/DD/EUR-12/TASK-IMWM/CMCC-CM2-SR5/historical/r1i1p1f1/WRF451Q/v1-r1/day/tasmax/v20240806/tasmax_EUR-12f_CMCC-CM2-SR5_historical_r1i1p1f1_TASK-IMWM_WRF451Q_v1-r1_day_19620101-19621231.nc,inconsistent attributes in DRS: ['domain_id_2'],ajaczewski
/mnt/CORDEX_CMIP6_tmp/sim_data/CORDEX-CMIP6/DD/EUR-12/TASK-IMWM/CMCC-CM2-SR5/historical/r1i1p1f1/WRF451Q/v1-r1/day/tasmax/v20240806/tasmax_EUR-12f_CMCC-CM2-SR5_historical_r1i1p1f1_TASK-IMWM_WRF451Q_v1-r1_day_20100101-20101231.nc,inconsistent attributes in DRS: ['domain_id_2'],ajaczewski
/mnt/CORDEX_CMIP6_tmp/sim_data/CORDEX-CMIP6/DD/EUR-12/TASK-IMWM/CMCC-CM2-SR5/historical/r1i1p1f1/WRF451Q/v1-r1/day/tasmax/v20240806/tasmax_EUR-12f_CMCC-CM2-SR5_historical_r1i1p1f1_TASK-IMWM_WRF451Q_v1-r1_day_19720101-19721231.nc,inconsistent attributes in DRS: ['domain_id_2'],ajaczewski
/mnt/CORDEX_CMIP6_tmp/sim_data/CORDEX-CMIP6/DD/EUR-12/TASK-IMWM/CMCC-CM2-SR5/historical/r1i1p1f1/WRF451Q/v1-r1/day/tasmax/v20240806/tasmax_EUR-12f_CMCC-CM2-SR5_historical_r1i1p1f1_TASK-IMWM_WRF451Q_v1-r1_day_19920101-19921231.nc,inconsistent attributes in DRS: ['domain_id_2'],ajaczewski
/mnt/CORDEX_CMIP6_tmp/sim_data/CORDEX-CMIP6/DD/EUR-12/TASK-IMWM/CMCC-CM2-SR5/historical/r1i1p1f1/WRF451Q/v1-r1/day/tasmax/v20240806/tasmax_EUR-12f_CMCC-CM2-SR5_historical_r1i1p1f1_TASK-IMWM_WRF451Q_v1-r1_day_19890101-19891231.nc,inconsistent attributes in DRS: ['domain_id_2'],ajaczewski
/mnt/CORDEX_CMIP6_tmp/sim_data/CORDEX-CMIP6/DD/EUR-12/TASK-IMWM/CMCC-CM2-SR5/historical/r1i1p1f1/WRF451Q/v1-r1/day/tasmax/v20240806/tasmax_EUR-12f_CMCC-CM2-SR5_historical_r1i1p1f1_TASK-IMWM_WRF451Q_v1-r1_day_19810101-19811231.nc,inconsistent attributes in DRS: ['domain_id_2'],ajaczewski
/mnt/CORDEX_CMIP6_tmp/sim_data/CORDEX-CMIP6/DD/EUR-12/TASK-IMWM/CMCC-CM2-SR5/historical/r1i1p1f1/WRF451Q/v1-r1/day/tasmax/v20240806/tasmax_EUR-12f_CMCC-CM2-SR5_historical_r1i1p1f1_TASK-IMWM_WRF451Q_v1-r1_day_19570101-19571231.nc,inconsistent attributes in DRS: ['domain_id_2'],ajaczewski
/mnt/CORDEX_CMIP6_tmp/sim_data/CORDEX-CMIP6/DD/EUR-12/TASK-IMWM/CMCC-CM2-SR5/historical/r1i1p1f1/WRF451Q/v1-r1/day/tasmax/v20240806/tasmax_EUR-12f_CMCC-CM2-SR5_historical_r1i1p1f1_TASK-IMWM_WRF451Q_v1-r1_day_19910101-19911231.nc,inconsistent attributes in DRS: ['domain_id_2'],ajaczewski
/mnt/CORDEX_CMIP6_tmp/sim_data/CORDEX-CMIP6/DD/EUR-12/TASK-IMWM/CMCC-CM2-SR5/historical/r1i1p1f1/WRF451Q/v1-r1/day/tasmax/v20240806/tasmax_EUR-12f_CMCC-CM2-SR5_historical_r1i1p1f1_TASK-IMWM_WRF451Q_v1-r1_day_19960101-19961231.nc,inconsistent attributes in DRS: ['domain_id_2'],ajaczewski
/mnt/CORDEX_CMIP6_tmp/sim_data/CORDEX-CMIP6/DD/EUR-12/TASK-IMWM/CMCC-CM2-SR5/historical/r1i1p1f1/WRF451Q/v1-r1/day/tasmax/v20240806/tasmax_EUR-12f_CMCC-CM2-SR5_historical_r1i1p1f1_TASK-IMWM_WRF451Q_v1-r1_day_20110101-20111231.nc,inconsistent attributes in DRS: ['domain_id_2'],ajaczewski
/mnt/CORDEX_CMIP6_tmp/sim_data/CORDEX-CMIP6/DD/EUR-12/TASK-IMWM/CMCC-CM2-SR5/historical/r1i1p1f1/WRF451Q/v1-r1/day/tasmax/v20240806/tasmax_EUR-12f_CMCC-CM2-SR5_historical_r1i1p1f1_TASK-IMWM_WRF451Q_v1-r1_day_19970101-19971231.nc,inconsistent attributes in DRS: ['domain_id_2'],ajaczewski
/mnt/CORDEX_CMIP6_tmp/sim_data/CORDEX-CMIP6/DD/EUR-12/TASK-IMWM/CMCC-CM2-SR5/historical/r1i1p1f1/WRF451Q/v1-r1/day/tasmax/v20240806/tasmax_EUR-12f_CMCC-CM2-SR5_historical_r1i1p1f1_TASK-IMWM_WRF451Q_v1-r1_day_19690101-19691231.nc,inconsistent attributes in DRS: ['domain_id_2'],ajaczewski
/mnt/CORDEX_CMIP6_tmp/sim_data/CORDEX-CMIP6/DD/EUR-12/TASK-IMWM/CMCC-CM2-SR5/historical/r1i1p1f1/WRF451Q/v1-r1/day/tasmax/v20240806/tasmax_EUR-12f_CMCC-CM2-SR5_historical_r1i1p1f1_TASK-IMWM_WRF451Q_v1-r1_day_19680101-19681231.nc,inconsistent attributes in DRS: ['domain_id_2'],ajaczewski
/mnt/CORDEX_CMIP6_tmp/sim_data/CORDEX-CMIP6/DD/EUR-12/TASK-IMWM/CMCC-CM2-SR5/historical/r1i1p1f1/WRF451Q/v1-r1/day/tasmax/v20240806/tasmax_EUR-12f_CMCC-CM2-SR5_historical_r1i1p1f1_TASK-IMWM_WRF451Q_v1-r1_day_19830101-19831231.nc,inconsistent attributes in DRS: ['domain_id_2'],ajaczewski
/mnt/CORDEX_CMIP6_tmp/sim_data/CORDEX-CMIP6/DD/EUR-12/TASK-IMWM/CMCC-CM2-SR5/historical/r1i1p1f1/WRF451Q/v1-r1/day/tasmax/v20240806/tasmax_EUR-12f_CMCC-CM2-SR5_historical_r1i1p1f1_TASK-IMWM_WRF451Q_v1-r1_day_20030101-20031231.nc,inconsistent attributes in DRS: ['domain_id_2'],ajaczewski
/mnt/CORDEX_CMIP6_tmp/sim_data/CORDEX-CMIP6/DD/EUR-12/TASK-IMWM/CMCC-CM2-SR5/historical/r1i1p1f1/WRF451Q/v1-r1/day/tasmax/v20240806/tasmax_EUR-12f_CMCC-CM2-SR5_historical_r1i1p1f1_TASK-IMWM_WRF451Q_v1-r1_day_19940101-19941231.nc,inconsistent attributes in DRS: ['domain_id_2'],ajaczewski
/mnt/CORDEX_CMIP6_tmp/sim_data/CORDEX-CMIP6/DD/EUR-12/TASK-IMWM/CMCC-CM2-SR5/historical/r1i1p1f1/WRF451Q/v1-r1/day/tasmax/v20240806/tasmax_EUR-12f_CMCC-CM2-SR5_historical_r1i1p1f1_TASK-IMWM_WRF451Q_v1-r1_day_19640101-19641231.nc,inconsistent attributes in DRS: ['domain_id_2'],ajaczewski
/mnt/CORDEX_CMIP6_tmp/sim_data/CORDEX-CMIP6/DD/EUR-12/TASK-IMWM/CMCC-CM2-SR5/historical/r1i1p1f1/WRF451Q/v1-r1/day/tasmax/v20240806/tasmax_EUR-12f_CMCC-CM2-SR5_historical_r1i1p1f1_TASK-IMWM_WRF451Q_v1-r1_day_20000101-20001231.nc,inconsistent attributes in DRS: ['domain_id_2'],ajaczewski
/mnt/CORDEX_CMIP6_tmp/sim_data/CORDEX-CMIP6/DD/EUR-12/TASK-IMWM/CMCC-CM2-SR5/historical/r1i1p1f1/WRF451Q/v1-r1/day/tasmax/v20240806/tasmax_EUR-12f_CMCC-CM2-SR5_historical_r1i1p1f1_TASK-IMWM_WRF451Q_v1-r1_day_19760101-19761231.nc,inconsistent attributes in DRS: ['domain_id_2'],ajaczewski
/mnt/CORDEX_CMIP6_tmp/sim_data/CORDEX-CMIP6/DD/EUR-12/TASK-IMWM/CMCC-CM2-SR5/historical/r1i1p1f1/WRF451Q/v1-r1/day/tasmax/v20240806/tasmax_EUR-12f_CMCC-CM2-SR5_historical_r1i1p1f1_TASK-IMWM_WRF451Q_v1-r1_day_19590101-19591231.nc,inconsistent attributes in DRS: ['domain_id_2'],ajaczewski
/mnt/CORDEX_CMIP6_tmp/sim_data/CORDEX-CMIP6/DD/EUR-12/TASK-IMWM/CMCC-CM2-SR5/historical/r1i1p1f1/WRF451Q/v1-r1/day/tasmax/v20240806/tasmax_EUR-12f_CMCC-CM2-SR5_historical_r1i1p1f1_TASK-IMWM_WRF451Q_v1-r1_day_20120101-20121231.nc,inconsistent attributes in DRS: ['domain_id_2'],ajaczewski
/mnt/CORDEX_CMIP6_tmp/sim_data/CORDEX-CMIP6/DD/EUR-12/TASK-IMWM/CMCC-CM2-SR5/historical/r1i1p1f1/WRF451Q/v1-r1/day/tasmax/v20240806/tasmax_EUR-12f_CMCC-CM2-SR5_historical_r1i1p1f1_TASK-IMWM_WRF451Q_v1-r1_day_19770101-19771231.nc,inconsistent attributes in DRS: ['domain_id_2'],ajaczewski
/mnt/CORDEX_CMIP6_tmp/sim_data/CORDEX-CMIP6/DD/EUR-12/TASK-IMWM/CMCC-CM2-SR5/historical/r1i1p1f1/WRF451Q/v1-r1/day/tasmax/v20240806/tasmax_EUR-12f_CMCC-CM2-SR5_historical_r1i1p1f1_TASK-IMWM_WRF451Q_v1-r1_day_19560101-19561231.nc,inconsistent attributes in DRS: ['domain_id_2'],ajaczewski
/mnt/CORDEX_CMIP6_tmp/sim_data/CORDEX-CMIP6/DD/EUR-12/TASK-IMWM/CMCC-CM2-SR5/historical/r1i1p1f1/WRF451Q/v1-r1/day/tasmax/v20240806/tasmax_EUR-12f_CMCC-CM2-SR5_historical_r1i1p1f1_TASK-IMWM_WRF451Q_v1-r1_day_19600101-19601231.nc,inconsistent attributes in DRS: ['domain_id_2'],ajaczewski
/mnt/CORDEX_CMIP6_tmp/sim_data/CORDEX-CMIP6/DD/EUR-12/TASK-IMWM/CMCC-CM2-SR5/historical/r1i1p1f1/WRF451Q/v1-r1/day/tasmax/v20240806/tasmax_EUR-12f_CMCC-CM2-SR5_historical_r1i1p1f1_TASK-IMWM_WRF451Q_v1-r1_day_19790101-19791231.nc,inconsistent attributes in DRS: ['domain_id_2'],ajaczewski
/mnt/CORDEX_CMIP6_tmp/sim_data/CORDEX-CMIP6/DD/EUR-12/TASK-IMWM/CMCC-CM2-SR5/historical/r1i1p1f1/WRF451Q/v1-r1/day/tasmax/v20240806/tasmax_EUR-12f_CMCC-CM2-SR5_historical_r1i1p1f1_TASK-IMWM_WRF451Q_v1-r1_day_19710101-19711231.nc,inconsistent attributes in DRS: ['domain_id_2'],ajaczewski
/mnt/CORDEX_CMIP6_tmp/sim_data/CORDEX-CMIP6/DD/EUR-12/TASK-IMWM/CMCC-CM2-SR5/historical/r1i1p1f1/WRF451Q/v1-r1/day/tasmax/v20240806/tasmax_EUR-12f_CMCC-CM2-SR5_historical_r1i1p1f1_TASK-IMWM_WRF451Q_v1-r1_day_19750101-19751231.nc,inconsistent attributes in DRS: ['domain_id_2'],ajaczewski
/mnt/CORDEX_CMIP6_tmp/sim_data/CORDEX-CMIP6/DD/EUR-12/TASK-IMWM/CMCC-CM2-SR5/historical/r1i1p1f1/WRF451Q/v1-r1/day/tasmax/v20240806/tasmax_EUR-12f_CMCC-CM2-SR5_historical_r1i1p1f1_TASK-IMWM_WRF451Q_v1-r1_day_19530101-19531231.nc,inconsistent attributes in DRS: ['domain_id_2'],ajaczewski
/mnt/CORDEX_CMIP6_tmp/sim_data/CORDEX-CMIP6/DD/EUR-12/TASK-IMWM/CMCC-CM2-SR5/historical/r1i1p1f1/WRF451Q/v1-r1/day/tasmax/v20240806/tasmax_EUR-12f_CMCC-CM2-SR5_historical_r1i1p1f1_TASK-IMWM_WRF451Q_v1-r1_day_19880101-19881231.nc,inconsistent attributes in DRS: ['domain_id_2'],ajaczewski
/mnt/CORDEX_CMIP6_tmp/sim_data/CORDEX-CMIP6/DD/EUR-12/TASK-IMWM/CMCC-CM2-SR5/historical/r1i1p1f1/WRF451Q/v1-r1/day/tasmax/v20240806/tasmax_EUR-12f_CMCC-CM2-SR5_historical_r1i1p1f1_TASK-IMWM_WRF451Q_v1-r1_day_19850101-19851231.nc,inconsistent attributes in DRS: ['domain_id_2'],ajaczewski
/mnt/CORDEX_CMIP6_tmp/sim_data/CORDEX-CMIP6/DD/EUR-12/TASK-IMWM/CMCC-CM2-SR5/historical/r1i1p1f1/WRF451Q/v1-r1/day/tasmax/v20240806/tasmax_EUR-12f_CMCC-CM2-SR5_historical_r1i1p1f1_TASK-IMWM_WRF451Q_v1-r1_day_19900101-19901231.nc,inconsistent attributes in DRS: ['domain_id_2'],ajaczewski
/mnt/CORDEX_CMIP6_tmp/sim_data/CORDEX-CMIP6/DD/EUR-12/TASK-IMWM/CMCC-CM2-SR5/historical/r1i1p1f1/WRF451Q/v1-r1/day/tasmax/v20240806/tasmax_EUR-12f_CMCC-CM2-SR5_historical_r1i1p1f1_TASK-IMWM_WRF451Q_v1-r1_day_20050101-20051231.nc,inconsistent attributes in DRS: ['domain_id_2'],ajaczewski
/mnt/CORDEX_CMIP6_tmp/sim_data/CORDEX-CMIP6/DD/EUR-12/TASK-IMWM/CMCC-CM2-SR5/historical/r1i1p1f1/WRF451Q/v1-r1/day/tasmax/v20240806/tasmax_EUR-12f_CMCC-CM2-SR5_historical_r1i1p1f1_TASK-IMWM_WRF451Q_v1-r1_day_20080101-20081231.nc,inconsistent attributes in DRS: ['domain_id_2'],ajaczewski
/mnt/CORDEX_CMIP6_tmp/sim_data/CORDEX-CMIP6/DD/EUR-12/TASK-IMWM/CMCC-CM2-SR5/historical/r1i1p1f1/WRF451Q/v1-r1/day/tasmax/v20240806/tasmax_EUR-12f_CMCC-CM2-SR5_historical_r1i1p1f1_TASK-IMWM_WRF451Q_v1-r1_day_20060101-20061231.nc,inconsistent attributes in DRS: ['domain_id_2'],ajaczewski
/mnt/CORDEX_CMIP6_tmp/sim_data/CORDEX-CMIP6/DD/EUR-12/TASK-IMWM/CMCC-CM2-SR5/historical/r1i1p1f1/WRF451Q/v1-r1/day/tasmax/v20240806/tasmax_EUR-12f_CMCC-CM2-SR5_historical_r1i1p1f1_TASK-IMWM_WRF451Q_v1-r1_day_19950101-19951231.nc,inconsistent attributes in DRS: ['domain_id_2'],ajaczewski
/mnt/CORDEX_CMIP6_tmp/sim_data/CORDEX-CMIP6/DD/EUR-12/TASK-IMWM/CMCC-CM2-SR5/historical/r1i1p1f1/WRF451Q/v1-r1/day/tasmax/v20240806/tasmax_EUR-12f_CMCC-CM2-SR5_historical_r1i1p1f1_TASK-IMWM_WRF451Q_v1-r1_day_19780101-19781231.nc,inconsistent attributes in DRS: ['domain_id_2'],ajaczewski
/mnt/CORDEX_CMIP6_tmp/sim_data/CORDEX-CMIP6/DD/EUR-12/TASK-IMWM/CMCC-CM2-SR5/historical/r1i1p1f1/WRF451Q/v1-r1/day/tasmax/v20240806/tasmax_EUR-12f_CMCC-CM2-SR5_historical_r1i1p1f1_TASK-IMWM_WRF451Q_v1-r1_day_19550101-19551231.nc,inconsistent attributes in DRS: ['domain_id_2'],ajaczewski
/mnt/CORDEX_CMIP6_tmp/sim_data/CORDEX-CMIP6/DD/EUR-12/TASK-IMWM/CMCC-CM2-SR5/historical/r1i1p1f1/WRF451Q/v1-r1/day/tasmax/v20240806/tasmax_EUR-12f_CMCC-CM2-SR5_historical_r1i1p1f1_TASK-IMWM_WRF451Q_v1-r1_day_19580101-19581231.nc,inconsistent attributes in DRS: ['domain_id_2'],ajaczewski
/mnt/CORDEX_CMIP6_tmp/sim_data/CORDEX-CMIP6/DD/EUR-12/TASK-IMWM/CMCC-CM2-SR5/historical/r1i1p1f1/WRF451Q/v1-r1/day/tasmax/v20240806/tasmax_EUR-12f_CMCC-CM2-SR5_historical_r1i1p1f1_TASK-IMWM_WRF451Q_v1-r1_day_20140101-20141231.nc,inconsistent attributes in DRS: ['domain_id_2'],ajaczewski
/mnt/CORDEX_CMIP6_tmp/sim_data/CORDEX-CMIP6/DD/EUR-12/TASK-IMWM/CMCC-CM2-SR5/historical/r1i1p1f1/WRF451Q/v1-r1/day/tasmax/v20240806/tasmax_EUR-12f_CMCC-CM2-SR5_historical_r1i1p1f1_TASK-IMWM_WRF451Q_v1-r1_day_19740101-19741231.nc,inconsistent attributes in DRS: ['domain_id_2'],ajaczewski
/mnt/CORDEX_CMIP6_tmp/sim_data/CORDEX-CMIP6/DD/EUR-12/TASK-IMWM/CMCC-CM2-SR5/historical/r1i1p1f1/WRF451Q/v1-r1/day/tasmax/v20240806/tasmax_EUR-12f_CMCC-CM2-SR5_historical_r1i1p1f1_TASK-IMWM_WRF451Q_v1-r1_day_19660101-19661231.nc,inconsistent attributes in DRS: ['domain_id_2'],ajaczewski
/mnt/CORDEX_CMIP6_tmp/sim_data/CORDEX-CMIP6/DD/EUR-12/TASK-IMWM/CMCC-CM2-SR5/historical/r1i1p1f1/WRF451Q/v1-r1/day/tasmax/v20240806/tasmax_EUR-12f_CMCC-CM2-SR5_historical_r1i1p1f1_TASK-IMWM_WRF451Q_v1-r1_day_19520101-19521231.nc,inconsistent attributes in DRS: ['domain_id_2'],ajaczewski
/mnt/CORDEX_CMIP6_tmp/sim_data/CORDEX-CMIP6/DD/EUR-12/TASK-IMWM/CMCC-CM2-SR5/historical/r1i1p1f1/WRF451Q/v1-r1/day/tasmax/v20240806/tasmax_EUR-12f_CMCC-CM2-SR5_historical_r1i1p1f1_TASK-IMWM_WRF451Q_v1-r1_day_19840101-19841231.nc,inconsistent attributes in DRS: ['domain_id_2'],ajaczewski
/mnt/CORDEX_CMIP6_tmp/sim_data/CORDEX-CMIP6/DD/EUR-12/TASK-IMWM/CMCC-CM2-SR5/historical/r1i1p1f1/WRF451Q/v1-r1/day/tasmax/v20240806/tasmax_EUR-12f_CMCC-CM2-SR5_historical_r1i1p1f1_TASK-IMWM_WRF451Q_v1-r1_day_20040101-20041231.nc,inconsistent attributes in DRS: ['domain_id_2'],ajaczewski
/mnt/CORDEX_CMIP6_tmp/sim_data/CORDEX-CMIP6/DD/EUR-12/TASK-IMWM/CMCC-CM2-SR5/historical/r1i1p1f1/WRF451Q/v1-r1/day/tasmax/v20240806/tasmax_EUR-12f_CMCC-CM2-SR5_historical_r1i1p1f1_TASK-IMWM_WRF451Q_v1-r1_day_20070101-20071231.nc,inconsistent attributes in DRS: ['domain_id_2'],ajaczewski
/mnt/CORDEX_CMIP6_tmp/sim_data/CORDEX-CMIP6/DD/EUR-12/TASK-IMWM/CMCC-CM2-SR5/historical/r1i1p1f1/WRF451Q/v1-r1/day/tasmax/v20240806/tasmax_EUR-12f_CMCC-CM2-SR5_historical_r1i1p1f1_TASK-IMWM_WRF451Q_v1-r1_day_19800101-19801231.nc,inconsistent attributes in DRS: ['domain_id_2'],ajaczewski
/mnt/CORDEX_CMIP6_tmp/sim_data/CORDEX-CMIP6/DD/EUR-12/TASK-IMWM/CMCC-CM2-SR5/historical/r1i1p1f1/WRF451Q/v1-r1/day/tasmax/v20240806/tasmax_EUR-12f_CMCC-CM2-SR5_historical_r1i1p1f1_TASK-IMWM_WRF451Q_v1-r1_day_20020101-20021231.nc,inconsistent attributes in DRS: ['domain_id_2'],ajaczewski
/mnt/CORDEX_CMIP6_tmp/sim_data/CORDEX-CMIP6/DD/EUR-12/TASK-IMWM/CMCC-CM2-SR5/historical/r1i1p1f1/WRF451Q/v1-r1/day/tasmax/v20240806/tasmax_EUR-12f_CMCC-CM2-SR5_historical_r1i1p1f1_TASK-IMWM_WRF451Q_v1-r1_day_19610101-19611231.nc,inconsistent attributes in DRS: ['domain_id_2'],ajaczewski
/mnt/CORDEX_CMIP6_tmp/sim_data/CORDEX-CMIP6/DD/EUR-12/TASK-IMWM/CMCC-CM2-SR5/historical/r1i1p1f1/WRF451Q/v1-r1/day/tasmax/v20240806/tasmax_EUR-12f_CMCC-CM2-SR5_historical_r1i1p1f1_TASK-IMWM_WRF451Q_v1-r1_day_20130101-20131231.nc,inconsistent attributes in DRS: ['domain_id_2'],ajaczewski
/mnt/CORDEX_CMIP6_tmp/sim_data/CORDEX-CMIP6/DD/EUR-12/TASK-IMWM/CMCC-CM2-SR5/historical/r1i1p1f1/WRF451Q/v1-r1/day/tasmax/v20240806/tasmax_EUR-12f_CMCC-CM2-SR5_historical_r1i1p1f1_TASK-IMWM_WRF451Q_v1-r1_day_19670101-19671231.nc,inconsistent attributes in DRS: ['domain_id_2'],ajaczewski
/mnt/CORDEX_CMIP6_tmp/sim_data/CORDEX-CMIP6/DD/EUR-12/TASK-IMWM/CMCC-CM2-SR5/historical/r1i1p1f1/WRF451Q/v1-r1/day/tasmax/v20240806/tasmax_EUR-12f_CMCC-CM2-SR5_historical_r1i1p1f1_TASK-IMWM_WRF451Q_v1-r1_day_19730101-19731231.nc,inconsistent attributes in DRS: ['domain_id_2'],ajaczewski
/mnt/CORDEX_CMIP6_tmp/sim_data/CORDEX-CMIP6/DD/EUR-12/TASK-IMWM/CMCC-CM2-SR5/historical/r1i1p1f1/WRF451Q/v1-r1/day/tasmax/v20240806/tasmax_EUR-12f_CMCC-CM2-SR5_historical_r1i1p1f1_TASK-IMWM_WRF451Q_v1-r1_day_19820101-19821231.nc,inconsistent attributes in DRS: ['domain_id_2'],ajaczewski
/mnt/CORDEX_CMIP6_tmp/sim_data/CORDEX-CMIP6/DD/EUR-12/TASK-IMWM/CMCC-CM2-SR5/historical/r1i1p1f1/WRF451Q/v1-r1/day/tasmax/v20240806/tasmax_EUR-12f_CMCC-CM2-SR5_historical_r1i1p1f1_TASK-IMWM_WRF451Q_v1-r1_day_19980101-19981231.nc,inconsistent attributes in DRS: ['domain_id_2'],ajaczewski
/mnt/CORDEX_CMIP6_tmp/sim_data/CORDEX-CMIP6/DD/EUR-12/TASK-IMWM/CMCC-CM2-SR5/historical/r1i1p1f1/WRF451Q/v1-r1/day/tasmax/v20240806/tasmax_EUR-12f_CMCC-CM2-SR5_historical_r1i1p1f1_TASK-IMWM_WRF451Q_v1-r1_day_20090101-20091231.nc,inconsistent attributes in DRS: ['domain_id_2'],ajaczewski
/mnt/CORDEX_CMIP6_tmp/sim_data/CORDEX-CMIP6/DD/EUR-12/TASK-IMWM/CMCC-CM2-SR5/historical/r1i1p1f1/WRF451Q/v1-r1/day/tasmax/v20240806/tasmax_EUR-12f_CMCC-CM2-SR5_historical_r1i1p1f1_TASK-IMWM_WRF451Q_v1-r1_day_19860101-19861231.nc,inconsistent attributes in DRS: ['domain_id_2'],ajaczewski
/mnt/CORDEX_CMIP6_tmp/sim_data/CORDEX-CMIP6/DD/EUR-12/TASK-IMWM/CMCC-CM2-SR5/historical/r1i1p1f1/WRF451Q/v1-r1/day/tasmax/v20240806/tasmax_EUR-12f_CMCC-CM2-SR5_historical_r1i1p1f1_TASK-IMWM_WRF451Q_v1-r1_day_19700101-19701231.nc,inconsistent attributes in DRS: ['domain_id_2'],ajaczewski
/mnt/CORDEX_CMIP6_tmp/sim_data/CORDEX-CMIP6/DD/EUR-12/TASK-IMWM/CMCC-CM2-SR5/historical/r1i1p1f1/WRF451Q/v1-r1/day/tasmax/v20240806/tasmax_EUR-12f_CMCC-CM2-SR5_historical_r1i1p1f1_TASK-IMWM_WRF451Q_v1-r1_day_19650101-19651231.nc,inconsistent attributes in DRS: ['domain_id_2'],ajaczewski
/mnt/CORDEX_CMIP6_tmp/sim_data/CORDEX-CMIP6/DD/EUR-12/TASK-IMWM/CMCC-CM2-SR5/historical/r1i1p1f1/WRF451Q/v1-r1/day/tasmax/v20240806/tasmax_EUR-12f_CMCC-CM2-SR5_historical_r1i1p1f1_TASK-IMWM_WRF451Q_v1-r1_day_19990101-19991231.nc,inconsistent attributes in DRS: ['domain_id_2'],ajaczewski
/mnt/CORDEX_CMIP6_tmp/sim_data/CORDEX-CMIP6/DD/EUR-12/TASK-IMWM/CMCC-CM2-SR5/historical/r1i1p1f1/WRF451Q/v1-r1/day/tasmax/v20240806/tasmax_EUR-12f_CMCC-CM2-SR5_historical_r1i1p1f1_TASK-IMWM_WRF451Q_v1-r1_day_20010101-20011231.nc,inconsistent attributes in DRS: ['domain_id_2'],ajaczewski
/mnt/CORDEX_CMIP6_tmp/sim_data/CORDEX-CMIP6/DD/EUR-12/TASK-IMWM/CMCC-CM2-SR5/historical/r1i1p1f1/WRF451Q/v1-r1/day/tasmax/v20240806/tasmax_EUR-12f_CMCC-CM2-SR5_historical_r1i1p1f1_TASK-IMWM_WRF451Q_v1-r1_day_19510101-19511231.nc,inconsistent attributes in DRS: ['domain_id_2'],ajaczewski
/mnt/CORDEX_CMIP6_tmp/sim_data/CORDEX-CMIP6/DD/EUR-12/TASK-IMWM/CMCC-CM2-SR5/historical/r1i1p1f1/WRF451Q/v1-r1/day/tasmax/v20240806/tasmax_EUR-12f_CMCC-CM2-SR5_historical_r1i1p1f1_TASK-IMWM_WRF451Q_v1-r1_day_19630101-19631231.nc,inconsistent attributes in DRS: ['domain_id_2'],ajaczewski
/mnt/CORDEX_CMIP6_tmp/sim_data/CORDEX-CMIP6/DD/EUR-12/TASK-IMWM/CMCC-CM2-SR5/historical/r1i1p1f1/WRF451Q/v1-r1/day/tasmax/v20240806/tasmax_EUR-12f_CMCC-CM2-SR5_historical_r1i1p1f1_TASK-IMWM_WRF451Q_v1-r1_day_19870101-19871231.nc,inconsistent attributes in DRS: ['domain_id_2'],ajaczewski
/mnt/CORDEX_CMIP6_tmp/sim_data/CORDEX-CMIP6/DD/EUR-12/TASK-IMWM/CMCC-CM2-SR5/historical/r1i1p1f1/WRF451Q/v1-r1/day/tasmax/v20240806/tasmax_EUR-12f_CMCC-CM2-SR5_historical_r1i1p1f1_TASK-IMWM_WRF451Q_v1-r1_day_19540101-19541231.nc,inconsistent attributes in DRS: ['domain_id_2'],ajaczewski
/mnt/CORDEX_CMIP6_tmp/sim_data/CORDEX-CMIP6/DD/EUR-12/TASK-IMWM/CMCC-CM2-SR5/historical/r1i1p1f1/WRF451Q/v1-r1/day/tasmax/v20240806/tasmax_EUR-12f_CMCC-CM2-SR5_historical_r1i1p1f1_TASK-IMWM_WRF451Q_v1-r1_day_19930101-19931231.nc,inconsistent attributes in DRS: ['domain_id_2'],ajaczewski
/mnt/CORDEX_CMIP6_tmp/sim_data/CORDEX-CMIP6/DD/EUR-12/TASK-IMWM/CMCC-CM2-SR5/historical/r1i1p1f1/WRF451Q/v1-r1/day/rlds/v20240806/rlds_EUR-12f_CMCC-CM2-SR5_historical_r1i1p1f1_TASK-IMWM_WRF451Q_v1-r1_day_19560101-19601231.nc,inconsistent attributes in DRS: ['domain_id_2'],ajaczewski
/mnt/CORDEX_CMIP6_tmp/sim_data/CORDEX-CMIP6/DD/EUR-12/TASK-IMWM/CMCC-CM2-SR5/historical/r1i1p1f1/WRF451Q/v1-r1/day/rlds/v20240806/rlds_EUR-12f_CMCC-CM2-SR5_historical_r1i1p1f1_TASK-IMWM_WRF451Q_v1-r1_day_19510101-19551231.nc,inconsistent attributes in DRS: ['domain_id_2'],ajaczewski
/mnt/CORDEX_CMIP6_tmp/sim_data/CORDEX-CMIP6/DD/EUR-12/TASK-IMWM/CMCC-CM2-SR5/historical/r1i1p1f1/WRF451Q/v1-r1/day/rlds/v20240806/rlds_EUR-12f_CMCC-CM2-SR5_historical_r1i1p1f1_TASK-IMWM_WRF451Q_v1-r1_day_19810101-19851231.nc,inconsistent attributes in DRS: ['domain_id_2'],ajaczewski
/mnt/CORDEX_CMIP6_tmp/sim_data/CORDEX-CMIP6/DD/EUR-12/TASK-IMWM/CMCC-CM2-SR5/historical/r1i1p1f1/WRF451Q/v1-r1/day/rlds/v20240806/rlds_EUR-12f_CMCC-CM2-SR5_historical_r1i1p1f1_TASK-IMWM_WRF451Q_v1-r1_day_19960101-20001231.nc,inconsistent attributes in DRS: ['domain_id_2'],ajaczewski
/mnt/CORDEX_CMIP6_tmp/sim_data/CORDEX-CMIP6/DD/EUR-12/TASK-IMWM/CMCC-CM2-SR5/historical/r1i1p1f1/WRF451Q/v1-r1/day/rlds/v20240806/rlds_EUR-12f_CMCC-CM2-SR5_historical_r1i1p1f1_TASK-IMWM_WRF451Q_v1-r1_day_20110101-20141231.nc,inconsistent attributes in DRS: ['domain_id_2'],ajaczewski
/mnt/CORDEX_CMIP6_tmp/sim_data/CORDEX-CMIP6/DD/EUR-12/TASK-IMWM/CMCC-CM2-SR5/historical/r1i1p1f1/WRF451Q/v1-r1/day/rlds/v20240806/rlds_EUR-12f_CMCC-CM2-SR5_historical_r1i1p1f1_TASK-IMWM_WRF451Q_v1-r1_day_19660101-19701231.nc,inconsistent attributes in DRS: ['domain_id_2'],ajaczewski
/mnt/CORDEX_CMIP6_tmp/sim_data/CORDEX-CMIP6/DD/EUR-12/TASK-IMWM/CMCC-CM2-SR5/historical/r1i1p1f1/WRF451Q/v1-r1/day/rlds/v20240806/rlds_EUR-12f_CMCC-CM2-SR5_historical_r1i1p1f1_TASK-IMWM_WRF451Q_v1-r1_day_19710101-19751231.nc,inconsistent attributes in DRS: ['domain_id_2'],ajaczewski
/mnt/CORDEX_CMIP6_tmp/sim_data/CORDEX-CMIP6/DD/EUR-12/TASK-IMWM/CMCC-CM2-SR5/historical/r1i1p1f1/WRF451Q/v1-r1/day/rlds/v20240806/rlds_EUR-12f_CMCC-CM2-SR5_historical_r1i1p1f1_TASK-IMWM_WRF451Q_v1-r1_day_20010101-20051231.nc,inconsistent attributes in DRS: ['domain_id_2'],ajaczewski
/mnt/CORDEX_CMIP6_tmp/sim_data/CORDEX-CMIP6/DD/EUR-12/TASK-IMWM/CMCC-CM2-SR5/historical/r1i1p1f1/WRF451Q/v1-r1/day/rlds/v20240806/rlds_EUR-12f_CMCC-CM2-SR5_historical_r1i1p1f1_TASK-IMWM_WRF451Q_v1-r1_day_19610101-19651231.nc,inconsistent attributes in DRS: ['domain_id_2'],ajaczewski
/mnt/CORDEX_CMIP6_tmp/sim_data/CORDEX-CMIP6/DD/EUR-12/TASK-IMWM/CMCC-CM2-SR5/historical/r1i1p1f1/WRF451Q/v1-r1/day/rlds/v20240806/rlds_EUR-12f_CMCC-CM2-SR5_historical_r1i1p1f1_TASK-IMWM_WRF451Q_v1-r1_day_19760101-19801231.nc,inconsistent attributes in DRS: ['domain_id_2'],ajaczewski
/mnt/CORDEX_CMIP6_tmp/sim_data/CORDEX-CMIP6/DD/EUR-12/TASK-IMWM/CMCC-CM2-SR5/historical/r1i1p1f1/WRF451Q/v1-r1/day/rlds/v20240806/rlds_EUR-12f_CMCC-CM2-SR5_historical_r1i1p1f1_TASK-IMWM_WRF451Q_v1-r1_day_19910101-19951231.nc,inconsistent attributes in DRS: ['domain_id_2'],ajaczewski
/mnt/CORDEX_CMIP6_tmp/sim_data/CORDEX-CMIP6/DD/EUR-12/TASK-IMWM/CMCC-CM2-SR5/historical/r1i1p1f1/WRF451Q/v1-r1/day/rlds/v20240806/rlds_EUR-12f_CMCC-CM2-SR5_historical_r1i1p1f1_TASK-IMWM_WRF451Q_v1-r1_day_19860101-19901231.nc,inconsistent attributes in DRS: ['domain_id_2'],ajaczewski
/mnt/CORDEX_CMIP6_tmp/sim_data/CORDEX-CMIP6/DD/EUR-12/TASK-IMWM/CMCC-CM2-SR5/historical/r1i1p1f1/WRF451Q/v1-r1/day/rlds/v20240806/rlds_EUR-12f_CMCC-CM2-SR5_historical_r1i1p1f1_TASK-IMWM_WRF451Q_v1-r1_day_20060101-20101231.nc,inconsistent attributes in DRS: ['domain_id_2'],ajaczewski
/mnt/CORDEX_CMIP6_tmp/sim_data/CORDEX-CMIP6/DD/EUR-12/TASK-IMWM/CMCC-CM2-SR5/historical/r1i1p1f1/WRF451Q/v1-r1/day/psl/v20240806/psl_EUR-12f_CMCC-CM2-SR5_historical_r1i1p1f1_TASK-IMWM_WRF451Q_v1-r1_day_20060101-20101231.nc,inconsistent attributes in DRS: ['domain_id_2'],ajaczewski
/mnt/CORDEX_CMIP6_tmp/sim_data/CORDEX-CMIP6/DD/EUR-12/TASK-IMWM/CMCC-CM2-SR5/historical/r1i1p1f1/WRF451Q/v1-r1/day/psl/v20240806/psl_EUR-12f_CMCC-CM2-SR5_historical_r1i1p1f1_TASK-IMWM_WRF451Q_v1-r1_day_20010101-20051231.nc,inconsistent attributes in DRS: ['domain_id_2'],ajaczewski
/mnt/CORDEX_CMIP6_tmp/sim_data/CORDEX-CMIP6/DD/EUR-12/TASK-IMWM/CMCC-CM2-SR5/historical/r1i1p1f1/WRF451Q/v1-r1/day/psl/v20240806/psl_EUR-12f_CMCC-CM2-SR5_historical_r1i1p1f1_TASK-IMWM_WRF451Q_v1-r1_day_19560101-19601231.nc,inconsistent attributes in DRS: ['domain_id_2'],ajaczewski
/mnt/CORDEX_CMIP6_tmp/sim_data/CORDEX-CMIP6/DD/EUR-12/TASK-IMWM/CMCC-CM2-SR5/historical/r1i1p1f1/WRF451Q/v1-r1/day/psl/v20240806/psl_EUR-12f_CMCC-CM2-SR5_historical_r1i1p1f1_TASK-IMWM_WRF451Q_v1-r1_day_19910101-19951231.nc,inconsistent attributes in DRS: ['domain_id_2'],ajaczewski
/mnt/CORDEX_CMIP6_tmp/sim_data/CORDEX-CMIP6/DD/EUR-12/TASK-IMWM/CMCC-CM2-SR5/historical/r1i1p1f1/WRF451Q/v1-r1/day/psl/v20240806/psl_EUR-12f_CMCC-CM2-SR5_historical_r1i1p1f1_TASK-IMWM_WRF451Q_v1-r1_day_19710101-19751231.nc,inconsistent attributes in DRS: ['domain_id_2'],ajaczewski
/mnt/CORDEX_CMIP6_tmp/sim_data/CORDEX-CMIP6/DD/EUR-12/TASK-IMWM/CMCC-CM2-SR5/historical/r1i1p1f1/WRF451Q/v1-r1/day/psl/v20240806/psl_EUR-12f_CMCC-CM2-SR5_historical_r1i1p1f1_TASK-IMWM_WRF451Q_v1-r1_day_19760101-19801231.nc,inconsistent attributes in DRS: ['domain_id_2'],ajaczewski
/mnt/CORDEX_CMIP6_tmp/sim_data/CORDEX-CMIP6/DD/EUR-12/TASK-IMWM/CMCC-CM2-SR5/historical/r1i1p1f1/WRF451Q/v1-r1/day/psl/v20240806/psl_EUR-12f_CMCC-CM2-SR5_historical_r1i1p1f1_TASK-IMWM_WRF451Q_v1-r1_day_19860101-19901231.nc,inconsistent attributes in DRS: ['domain_id_2'],ajaczewski
/mnt/CORDEX_CMIP6_tmp/sim_data/CORDEX-CMIP6/DD/EUR-12/TASK-IMWM/CMCC-CM2-SR5/historical/r1i1p1f1/WRF451Q/v1-r1/day/psl/v20240806/psl_EUR-12f_CMCC-CM2-SR5_historical_r1i1p1f1_TASK-IMWM_WRF451Q_v1-r1_day_19510101-19551231.nc,inconsistent attributes in DRS: ['domain_id_2'],ajaczewski
/mnt/CORDEX_CMIP6_tmp/sim_data/CORDEX-CMIP6/DD/EUR-12/TASK-IMWM/CMCC-CM2-SR5/historical/r1i1p1f1/WRF451Q/v1-r1/day/psl/v20240806/psl_EUR-12f_CMCC-CM2-SR5_historical_r1i1p1f1_TASK-IMWM_WRF451Q_v1-r1_day_19610101-19651231.nc,inconsistent attributes in DRS: ['domain_id_2'],ajaczewski
/mnt/CORDEX_CMIP6_tmp/sim_data/CORDEX-CMIP6/DD/EUR-12/TASK-IMWM/CMCC-CM2-SR5/historical/r1i1p1f1/WRF451Q/v1-r1/day/psl/v20240806/psl_EUR-12f_CMCC-CM2-SR5_historical_r1i1p1f1_TASK-IMWM_WRF451Q_v1-r1_day_19810101-19851231.nc,inconsistent attributes in DRS: ['domain_id_2'],ajaczewski
/mnt/CORDEX_CMIP6_tmp/sim_data/CORDEX-CMIP6/DD/EUR-12/TASK-IMWM/CMCC-CM2-SR5/historical/r1i1p1f1/WRF451Q/v1-r1/day/psl/v20240806/psl_EUR-12f_CMCC-CM2-SR5_historical_r1i1p1f1_TASK-IMWM_WRF451Q_v1-r1_day_20110101-20141231.nc,inconsistent attributes in DRS: ['domain_id_2'],ajaczewski
/mnt/CORDEX_CMIP6_tmp/sim_data/CORDEX-CMIP6/DD/EUR-12/TASK-IMWM/CMCC-CM2-SR5/historical/r1i1p1f1/WRF451Q/v1-r1/day/psl/v20240806/psl_EUR-12f_CMCC-CM2-SR5_historical_r1i1p1f1_TASK-IMWM_WRF451Q_v1-r1_day_19960101-20001231.nc,inconsistent attributes in DRS: ['domain_id_2'],ajaczewski
/mnt/CORDEX_CMIP6_tmp/sim_data/CORDEX-CMIP6/DD/EUR-12/TASK-IMWM/CMCC-CM2-SR5/historical/r1i1p1f1/WRF451Q/v1-r1/day/psl/v20240806/psl_EUR-12f_CMCC-CM2-SR5_historical_r1i1p1f1_TASK-IMWM_WRF451Q_v1-r1_day_19660101-19701231.nc,inconsistent attributes in DRS: ['domain_id_2'],ajaczewski
/mnt/CORDEX_CMIP6_tmp/sim_data/CORDEX-CMIP6/DD/EUR-12/CLMcom-Hereon/ERA5/evaluation/r1i1p1f1/GCOAST-AHOIB1-1/external_parameter_20230328.nc,parsing failed,hhagemann
/mnt/CORDEX_CMIP6_tmp/sim_data/CORDEX-CMIP6/DD/EUR-12/CLMcom-Hereon/ERA5/evaluation/r1i1p1f1/CCLM6-0-1/v1-r1/1hr/pr/v20230222/t1.nc,parsing failed,bgeyer
/mnt/CORDEX_CMIP6_tmp/sim_data/CORDEX-CMIP6/DD/EUR-12/MOHC/ERA5/evaluation/r1i1p1f1/HadREM3-GA7-05/v1-r1/fx/orog/v20260219/orog_EUR-12_ERA5_evaluation_r1i1p1f1_MOHC_HadREM3-GA7-01_v1-r1_fx.nc,inconsistent attributes in DRS: ['source_id_2'],jdiezsierra
/mnt/CORDEX_CMIP6_tmp/sim_data/CORDEX-CMIP6/DD/EUR-12/MOHC/ERA5/evaluation/r1i1p1f1/HadREM3-GA7-05/v1-r1/fx/ERAInterim/veg_fraction.EUR-11_ECMWF-ERAINT_evaluation_r1i1p1_MOHC-HadREM3-GA7-05_v1_fx.nc,parsing failed,ebuonomo
/mnt/CORDEX_CMIP6_tmp/sim_data/CORDEX-CMIP6/DD/EUR-12/MOHC/ERA5/evaluation/r1i1p1f1/HadREM3-GA7-05/v1-r1/fx/ERAInterim/orog_EUR-11_ECMWF-ERAINT_evaluation_r1i1p1_MOHC-HadREM3-GA7-05_v1_fx.nc,parsing failed,ebuonomo
/mnt/CORDEX_CMIP6_tmp/sim_data/CORDEX-CMIP6/DD/EUR-12/MOHC/ERA5/evaluation/r1i1p1f1/HadREM3-GA7-05/v1-r1/fx/ERAInterim/sftlf_EUR-11_ECMWF-ERAINT_evaluation_r1i1p1_MOHC-HadREM3-GA7-05_v1_fx.nc,parsing failed,ebuonomo
/mnt/CORDEX_CMIP6_tmp/sim_data/CORDEX-CMIP6/DD/EUR-12/MOHC/ERA5/evaluation/r1i1p1f1/HadREM3-GA7-05/v1-r1/fx/other/v20260219/veg_fraction_EUR-12_ERA5_evaluation_r1i1p1f1_MOHC_HadREM3-GA7-01_v1-r1_fx.nc,"inconsistent attributes in DRS: ['variable_id_2', 'domain_id_2', 'driving_source_id_2', 'driving_experiment_id_2', 'driving_variant_label_2', 'institution_id_2', 'source_id_2', 'version_realization_2', 'frequency_2']",ebuonomo
/mnt/CORDEX_CMIP6_tmp/sim_data/CORDEX-CMIP6/DD/EUR-12/MOHC/ERA5/evaluation/r1i1p1f1/HadREM3-GA7-05/v1-r1/fx/sfturf/v20260219/sfturf_EUR-12_ERA5_evaluation_r1i1p1f1_MOHC_HadREM3-GA7-01_v1-r1_fx.nc,inconsistent attributes in DRS: ['source_id_2'],jdiezsierra
/mnt/CORDEX_CMIP6_tmp/sim_data/CORDEX-CMIP6/DD/EUR-12/MOHC/ERA5/evaluation/r1i1p1f1/HadREM3-GA7-05/v1-r1/fx/sftlf/v20260219/sftlf_EUR-12_ERA5_evaluation_r1i1p1f1_MOHC_HadREM3-GA7-01_v1-r1_fx.nc,inconsistent attributes in DRS: ['source_id_2'],jdiezsierra
/mnt/CORDEX_CMIP6_tmp/sim_data/CORDEX-CMIP6/DD/EUR-12/MOHC/ERA5/evaluation/r1i1p1f1/HadREM3-GA7-05/v1-r1/mon/tas/v20260219/tas_EUR-12_ERA5_evaluation_r1i1p1f1_MOHC_HadREM3-GA7-01_v1-r1_mon_198001-198012.nc,inconsistent attributes in DRS: ['source_id_2'],ebuonomo
/mnt/CORDEX_CMIP6_tmp/sim_data/CORDEX-CMIP6/DD/EUR-12/MOHC/ERA5/evaluation/r1i1p1f1/HadREM3-GA7-05/v1-r1/mon/tas/v20260219/tas_EUR-12_ERA5_evaluation_r1i1p1f1_MOHC_HadREM3-GA7-01_v1-r1_mon_199101-200012.nc,inconsistent attributes in DRS: ['source_id_2'],ebuonomo
/mnt/CORDEX_CMIP6_tmp/sim_data/CORDEX-CMIP6/DD/EUR-12/MOHC/ERA5/evaluation/r1i1p1f1/HadREM3-GA7-05/v1-r1/mon/tas/v20260219/tas_EUR-12_ERA5_evaluation_r1i1p1f1_MOHC_HadREM3-GA7-01_v1-r1_mon_198101-199012.nc,inconsistent attributes in DRS: ['source_id_2'],ebuonomo
/mnt/CORDEX_CMIP6_tmp/sim_data/CORDEX-CMIP6/DD/EUR-12/MOHC/ERA5/evaluation/r1i1p1f1/HadREM3-GA7-05/v1-r1/mon/tas/v20260219/tas_EUR-12_ERA5_evaluation_r1i1p1f1_MOHC_HadREM3-GA7-01_v1-r1_mon_200101-201012.nc,inconsistent attributes in DRS: ['source_id_2'],ebuonomo
/mnt/CORDEX_CMIP6_tmp/sim_data/CORDEX-CMIP6/DD/EUR-12/MOHC/ERA5/evaluation/r1i1p1f1/HadREM3-GA7-05/v1-r1/mon/tas/v20260219/tas_EUR-12_ERA5_evaluation_r1i1p1f1_MOHC_HadREM3-GA7-01_v1-r1_mon_201101-201412.nc,inconsistent attributes in DRS: ['source_id_2'],ebuonomo
/mnt/CORDEX_CMIP6_tmp/sim_data/CORDEX-CMIP6/DD/EUR-12/MOHC/ERA5/evaluation/r1i1p1f1/HadREM3-GA7-05/v1-r1/mon/pr/v20260219/pr_EUR-12_ERA5_evaluation_r1i1p1f1_MOHC_HadREM3-GA7-01_v1-r1_mon_200101-201012.nc,inconsistent attributes in DRS: ['source_id_2'],ebuonomo
/mnt/CORDEX_CMIP6_tmp/sim_data/CORDEX-CMIP6/DD/EUR-12/MOHC/ERA5/evaluation/r1i1p1f1/HadREM3-GA7-05/v1-r1/mon/pr/v20260219/pr_EUR-12_ERA5_evaluation_r1i1p1f1_MOHC_HadREM3-GA7-01_v1-r1_mon_199101-200012.nc,inconsistent attributes in DRS: ['source_id_2'],ebuonomo
/mnt/CORDEX_CMIP6_tmp/sim_data/CORDEX-CMIP6/DD/EUR-12/MOHC/ERA5/evaluation/r1i1p1f1/HadREM3-GA7-05/v1-r1/mon/pr/v20260219/pr_EUR-12_ERA5_evaluation_r1i1p1f1_MOHC_HadREM3-GA7-01_v1-r1_mon_201101-201412.nc,inconsistent attributes in DRS: ['source_id_2'],ebuonomo
/mnt/CORDEX_CMIP6_tmp/sim_data/CORDEX-CMIP6/DD/EUR-12/MOHC/ERA5/evaluation/r1i1p1f1/HadREM3-GA7-05/v1-r1/mon/pr/v20260219/pr_EUR-12_ERA5_evaluation_r1i1p1f1_MOHC_HadREM3-GA7-01_v1-r1_mon_198001-198012.nc,inconsistent attributes in DRS: ['source_id_2'],ebuonomo
/mnt/CORDEX_CMIP6_tmp/sim_data/CORDEX-CMIP6/DD/EUR-12/MOHC/ERA5/evaluation/r1i1p1f1/HadREM3-GA7-05/v1-r1/mon/pr/v20260219/pr_EUR-12_ERA5_evaluation_r1i1p1f1_MOHC_HadREM3-GA7-01_v1-r1_mon_198101-199012.nc,inconsistent attributes in DRS: ['source_id_2'],ebuonomo
/mnt/CORDEX_CMIP6_tmp/sim_data/CORDEX-CMIP6/DD/EUR-12/MOHC/ERA5/evaluation/r1i1p1f1/HadREM3-GA7-05/v1-r1/mon/tasmin/v20260219/tasmin_EUR-12_ERA5_evaluation_r1i1p1f1_MOHC_HadREM3-GA7-01_v1-r1_mon_199101-200012.nc,inconsistent attributes in DRS: ['source_id_2'],ebuonomo
/mnt/CORDEX_CMIP6_tmp/sim_data/CORDEX-CMIP6/DD/EUR-12/MOHC/ERA5/evaluation/r1i1p1f1/HadREM3-GA7-05/v1-r1/mon/tasmin/v20260219/tasmin_EUR-12_ERA5_evaluation_r1i1p1f1_MOHC_HadREM3-GA7-01_v1-r1_mon_201101-201412.nc,inconsistent attributes in DRS: ['source_id_2'],ebuonomo
/mnt/CORDEX_CMIP6_tmp/sim_data/CORDEX-CMIP6/DD/EUR-12/MOHC/ERA5/evaluation/r1i1p1f1/HadREM3-GA7-05/v1-r1/mon/tasmin/v20260219/tasmin_EUR-12_ERA5_evaluation_r1i1p1f1_MOHC_HadREM3-GA7-01_v1-r1_mon_198101-199012.nc,inconsistent attributes in DRS: ['source_id_2'],ebuonomo
/mnt/CORDEX_CMIP6_tmp/sim_data/CORDEX-CMIP6/DD/EUR-12/MOHC/ERA5/evaluation/r1i1p1f1/HadREM3-GA7-05/v1-r1/mon/tasmin/v20260219/tasmin_EUR-12_ERA5_evaluation_r1i1p1f1_MOHC_HadREM3-GA7-01_v1-r1_mon_200101-201012.nc,inconsistent attributes in DRS: ['source_id_2'],ebuonomo
/mnt/CORDEX_CMIP6_tmp/sim_data/CORDEX-CMIP6/DD/EUR-12/MOHC/ERA5/evaluation/r1i1p1f1/HadREM3-GA7-05/v1-r1/mon/tasmin/v20260219/tasmin_EUR-12_ERA5_evaluation_r1i1p1f1_MOHC_HadREM3-GA7-01_v1-r1_mon_198001-198012.nc,inconsistent attributes in DRS: ['source_id_2'],ebuonomo
/mnt/CORDEX_CMIP6_tmp/sim_data/CORDEX-CMIP6/DD/EUR-12/MOHC/ERA5/evaluation/r1i1p1f1/HadREM3-GA7-05/v1-r1/mon/tasmax/v20260219/tasmax_EUR-12_ERA5_evaluation_r1i1p1f1_MOHC_HadREM3-GA7-01_v1-r1_mon_201101-201412.nc,inconsistent attributes in DRS: ['source_id_2'],ebuonomo
/mnt/CORDEX_CMIP6_tmp/sim_data/CORDEX-CMIP6/DD/EUR-12/MOHC/ERA5/evaluation/r1i1p1f1/HadREM3-GA7-05/v1-r1/mon/tasmax/v20260219/tasmax_EUR-12_ERA5_evaluation_r1i1p1f1_MOHC_HadREM3-GA7-01_v1-r1_mon_200101-201012.nc,inconsistent attributes in DRS: ['source_id_2'],ebuonomo
/mnt/CORDEX_CMIP6_tmp/sim_data/CORDEX-CMIP6/DD/EUR-12/MOHC/ERA5/evaluation/r1i1p1f1/HadREM3-GA7-05/v1-r1/mon/tasmax/v20260219/tasmax_EUR-12_ERA5_evaluation_r1i1p1f1_MOHC_HadREM3-GA7-01_v1-r1_mon_198101-199012.nc,inconsistent attributes in DRS: ['source_id_2'],ebuonomo
/mnt/CORDEX_CMIP6_tmp/sim_data/CORDEX-CMIP6/DD/EUR-12/MOHC/ERA5/evaluation/r1i1p1f1/HadREM3-GA7-05/v1-r1/mon/tasmax/v20260219/tasmax_EUR-12_ERA5_evaluation_r1i1p1f1_MOHC_HadREM3-GA7-01_v1-r1_mon_198001-198012.nc,inconsistent attributes in DRS: ['source_id_2'],ebuonomo
/mnt/CORDEX_CMIP6_tmp/sim_data/CORDEX-CMIP6/DD/EUR-12/MOHC/ERA5/evaluation/r1i1p1f1/HadREM3-GA7-05/v1-r1/mon/tasmax/v20260219/tasmax_EUR-12_ERA5_evaluation_r1i1p1f1_MOHC_HadREM3-GA7-01_v1-r1_mon_199101-200012.nc,inconsistent attributes in DRS: ['source_id_2'],ebuonomo
/mnt/CORDEX_CMIP6_tmp/sim_data/CORDEX-CMIP6/DD/EUR-12/MOHC/ERA5/evaluation/r1i1p1f1/HadREM3-GA7-05/v1-r1/mon/psl/v20260219/psl_EUR-12_ERA5_evaluation_r1i1p1f1_MOHC_HadREM3-GA7-01_v1-r1_mon_201101-201412.nc,inconsistent attributes in DRS: ['source_id_2'],ebuonomo
/mnt/CORDEX_CMIP6_tmp/sim_data/CORDEX-CMIP6/DD/EUR-12/MOHC/ERA5/evaluation/r1i1p1f1/HadREM3-GA7-05/v1-r1/mon/psl/v20260219/psl_EUR-12_ERA5_evaluation_r1i1p1f1_MOHC_HadREM3-GA7-01_v1-r1_mon_198001-198012.nc,inconsistent attributes in DRS: ['source_id_2'],ebuonomo
/mnt/CORDEX_CMIP6_tmp/sim_data/CORDEX-CMIP6/DD/EUR-12/MOHC/ERA5/evaluation/r1i1p1f1/HadREM3-GA7-05/v1-r1/mon/psl/v20260219/psl_EUR-12_ERA5_evaluation_r1i1p1f1_MOHC_HadREM3-GA7-01_v1-r1_mon_200101-201012.nc,inconsistent attributes in DRS: ['source_id_2'],ebuonomo
/mnt/CORDEX_CMIP6_tmp/sim_data/CORDEX-CMIP6/DD/EUR-12/MOHC/ERA5/evaluation/r1i1p1f1/HadREM3-GA7-05/v1-r1/mon/psl/v20260219/psl_EUR-12_ERA5_evaluation_r1i1p1f1_MOHC_HadREM3-GA7-01_v1-r1_mon_199101-200012.nc,inconsistent attributes in DRS: ['source_id_2'],ebuonomo
/mnt/CORDEX_CMIP6_tmp/sim_data/CORDEX-CMIP6/DD/EUR-12/MOHC/ERA5/evaluation/r1i1p1f1/HadREM3-GA7-05/v1-r1/mon/psl/v20260219/psl_EUR-12_ERA5_evaluation_r1i1p1f1_MOHC_HadREM3-GA7-01_v1-r1_mon_198101-199012.nc,inconsistent attributes in DRS: ['source_id_2'],ebuonomo
/mnt/CORDEX_CMIP6_tmp/sim_data/CORDEX-CMIP6/DD/EUR-12/AUTH/ERA5/evaluation/r1i1p1f1/WRF451Q/v1-r3/fx/orog/v20250630/orog_EUR-12_ERA5_evaluation_r1i1p1f1_AUTH-WRF451Q_v1-r3_fx.nc,parsing failed,vpavlidis
/mnt/CORDEX_CMIP6_tmp/sim_data/CORDEX-CMIP6/DD/EUR-12/AUTH/ERA5/evaluation/r1i1p1f1/WRF451Q/v1-r3/fx/sftlaf/v20250630/sftlaf_EUR-12_ERA5_evaluation_r1i1p1f1_AUTH-WRF451Q_v1-r3_fx.nc,parsing failed,vpavlidis
/mnt/CORDEX_CMIP6_tmp/sim_data/CORDEX-CMIP6/DD/EUR-12/AUTH/ERA5/evaluation/r1i1p1f1/WRF451Q/v1-r3/fx/sfturf/v20250630/sfturf_EUR-12_ERA5_evaluation_r1i1p1f1_AUTH-WRF451Q_v1-r3_fx.nc,parsing failed,vpavlidis
/mnt/CORDEX_CMIP6_tmp/sim_data/CORDEX-CMIP6/DD/EUR-12/AUTH/ERA5/evaluation/r1i1p1f1/WRF451Q/v1-r3/fx/sftlf/v20250630/sftlf_EUR-12_ERA5_evaluation_r1i1p1f1_AUTH-WRF451Q_v1-r3_fx.nc,parsing failed,vpavlidis
